CMS Contract Number,Plan Name,General-0010,General-0011,General-0014,General-0016,General-0050,General-0060,General_0070,General-0080,General-0085,General-0087
H0028,"CHA HMO, INC.",Local CCP,HMO/HMOPOS,Yes,Yes,379867,07,Kansas City,Medicare,Yes,Yes
H0034,"HAMASPIK, INC.",Local CCP,HMO/HMOPOS,Yes,Yes,1396,02,New York,Medicare,Yes,Yes
H0074,"WELLCARE OF MISSISSIPPI, INC.",Local CCP,Local PPO,Yes,Yes,1714,06,Dallas,Medicare,Yes,Yes
H0088,"WELLCARE HEALTH INSURANCE OF NEW YORK, INC.",Local CCP,Local PPO,N/A,Yes,1902,06,Dallas,Medicare,Yes,Yes
H0104,BLUE CROSS AND BLUE SHIELD OF ALABAMA,Local CCP,Local PPO,No,Yes,106737,04,Atlanta,Medicare,Yes,Yes
H0107,HEALTH CARE SERVICE CORPORATION,Local CCP,Local PPO,N/A,Yes,52693,08,Denver,Medicare,Yes,Yes
H0111,"WELLCARE OF GEORGIA, INC.",Local CCP,Local PPO,Yes,Yes,10972,06,Dallas,Medicare,Yes,Yes
H0154,"VIVA HEALTH, INC.",Local CCP,HMO/HMOPOS,Yes,Yes,54867,04,Atlanta,Medicare,Yes,Yes
H0169,"UNITEDHEALTHCARE OF WISCONSIN, INC.",Local CCP,HMO/HMOPOS,Yes,Yes,93674,09,San Francisco,Medicare,Yes,Yes
H0174,"WELLCARE OF TEXAS, INC.",Local CCP,HMO/HMOPOS,Yes,Yes,76217,06,Dallas,Medicare,Yes,Yes
H0251,"UNITEDHEALTHCARE PLAN OF THE RIVER VALLEY, INC.",Local CCP,HMO/HMOPOS,Yes,Yes,64655,09,San Francisco,Medicare,Yes,Yes
H0270,WELLCARE HEALTH INSURANCE COMPANY OF AMERICA,Local CCP,Local PPO,Yes,Yes,948,06,Dallas,Medicare,Yes,Yes
H0271,CARE IMPROVEMENT PLUS SOUTH CENTRAL INSURANCE CO.,Local CCP,Local PPO,Yes,Yes,354597,09,San Francisco,Medicare,Yes,Yes
H0292,"HUMANA HEALTH PLAN OF OHIO, INC.",Local CCP,HMO/HMOPOS,N/A,Yes,10454,07,Kansas City,Medicare,Yes,Yes
H0294,UNITEDHEALTHCARE INSURANCE COMPANY,Local CCP,Local PPO,Yes,Yes,84764,09,San Francisco,Medicare,Yes,Yes
H0302,"MEDISUN, INC.",Local CCP,HMO/HMOPOS,No,Yes,17194,09,San Francisco,Medicare,Yes,Yes
H0321,"ARIZONA PHYSICIANS IPA, INC.",Local CCP,HMO/HMOPOS,Yes,Yes,72003,09,San Francisco,Medicare,Yes,Yes
H0332,"KS PLAN ADMINISTRATORS, LLC",Local CCP,HMO/HMOPOS,N/A,Yes,52466,09,San Francisco,Medicare,Yes,Yes
H0351,"HEALTH NET OF ARIZONA, INC.",Local CCP,HMO/HMOPOS,Yes,Yes,19567,06,Dallas,Medicare,Yes,Yes
H0354,"CIGNA HEALTHCARE OF ARIZONA, INC.",Local CCP,HMO/HMOPOS,Yes,Yes,56413,02,New York,Medicare,Yes,Yes
H0422,"UCARE HEALTH, INC.",Local CCP,HMO/HMOPOS,N/A,Yes,649,05,Chicago,Medicare,Yes,Yes
H0423,"METROPLUS HEALTH PLAN, INC.",Local CCP,HMO/HMOPOS,Yes,Yes,10277,02,New York,Medicare,Yes,Yes
H0432,"UNITEDHEALTHCARE OF THE MIDLANDS, INC.",Local CCP,HMO/HMOPOS,Yes,Yes,90774,09,San Francisco,Medicare,Yes,Yes
H0439,"CIGNA HEALTHCARE OF GEORGIA, INC.",Local CCP,HMO/HMOPOS,Yes,Yes,22531,02,New York,Medicare,Yes,Yes
H0473,HUMANA INSURANCE COMPANY OF KENTUCKY,Local CCP,Local PPO,Yes,Yes,56804,07,Kansas City,Medicare,Yes,Yes
H0482,CENTENE VENTURE COMPANY MICHIGAN,Local CCP,HMO/HMOPOS,Yes,Yes,3005,06,Dallas,Medicare,Yes,Yes
H0504,CALIFORNIA PHYSICIANS' SERVICE,Local CCP,HMO/HMOPOS,No,Yes,119312,09,San Francisco,Medicare,Yes,Yes
H0523,AETNA HEALTH OF CALIFORNIA INC.,Local CCP,HMO/HMOPOS,N/A,Yes,8061,03,Philadelphia,Medicare,Yes,Yes
H0524,"KAISER FOUNDATION HP, INC.",Local CCP,HMO/HMOPOS,Yes,Yes,1385616,09,San Francisco,Medicare,Yes,Yes
H0543,UHC OF CALIFORNIA,Local CCP,HMO/HMOPOS,Yes,Yes,365443,09,San Francisco,Medicare,Yes,Yes
H0544,BLUE CROSS OF CALIFORNIA,Local CCP,HMO/HMOPOS,Yes,Yes,119418,05,Chicago,Medicare,Yes,Yes
H0562,"HEALTH NET OF CALIFORNIA, INC.",Local CCP,HMO/HMOPOS,Yes,Yes,111452,06,Dallas,Medicare,Yes,Yes
H0571,CHINESE COMMUNITY HEALTH PLAN,Local CCP,HMO/HMOPOS,Yes,Yes,5517,09,San Francisco,Medicare,Yes,Yes
H0609,"UnitedHealthcare Benefits of Texas, Inc.",Local CCP,HMO/HMOPOS,Yes,Yes,334241,09,San Francisco,Medicare,Yes,Yes
H0624,"UnitedHealthcare Benefits of Texas, Inc.",Local CCP,HMO/HMOPOS,Yes,Yes,29768,09,San Francisco,Medicare,Yes,Yes
H0628,AETNA HEALTH OF OHIO INC.,Local CCP,HMO/HMOPOS,Yes,Yes,54402,03,Philadelphia,Medicare,Yes,Yes
H0630,KAISER FOUNDATION HP OF CO,Local CCP,HMO/HMOPOS,Yes,Yes,112798,09,San Francisco,Medicare,Yes,Yes
H0672,"CIGNA HEALTHCARE OF COLORADO, INC.",Local CCP,HMO/HMOPOS,Yes,Yes,9025,02,New York,Medicare,Yes,Yes
H0710,CARE IMPROVEMENT PLUS SOUTH CENTRAL INSURANCE CO.,Local CCP,Local PPO,Yes,Yes,51605,09,San Francisco,Medicare,Yes,No
H0712,"WELLCARE OF CONNECTICUT, INC.",Local CCP,HMO/HMOPOS,Yes,Yes,7529,06,Dallas,Medicare,Yes,Yes
H0724,"BUCKEYE HEALTH PLAN COMMUNITY SOLUTIONS, Inc.",Local CCP,HMO/HMOPOS,N/A,Yes,1644,06,Dallas,Medicare,Yes,Yes
H0755,CARE IMPROVEMENT PLUS SOUTH CENTRAL INSURANCE CO.,Local CCP,HMO/HMOPOS,No,Yes,78481,09,San Francisco,Medicare,Yes,Yes
H0764,"UNITEDHEALTHCARE OF NEW ENGLAND, INC.",Local CCP,Local PPO,Yes,Yes,685,09,San Francisco,Medicare,Yes,No
H0783,"HUMANA BENEFIT PLAN OF TEXAS, INC.",Local CCP,HMO/HMOPOS,No,Yes,893,07,Kansas City,Medicare,Yes,Yes
H0838,"UNIVERSAL CARE, INC.",Local CCP,HMO/HMOPOS,Yes,Yes,72092,05,Chicago,Medicare,Yes,Yes
H0885,HEALTHIER NEW JERSEY INSURANCE COMPANY,Local CCP,Local PPO,N/A,Yes,41333,02,New York,Medicare,Yes,Yes
H0907,"WELLPOINT IOWA, INC.",Local CCP,HMO/HMOPOS,Yes,Yes,7706,05,Chicago,Medicare,Yes,Yes
H0908,"BUCKEYE COMMUNITY HEALTH PLAN, INC.",Local CCP,HMO/HMOPOS,Yes,Yes,10270,06,Dallas,Medicare,Yes,Yes
H0913,"WELLCARE HEALTH PLANS OF NEW JERSEY, INC.",Local CCP,HMO/HMOPOS,Yes,Yes,14918,06,Dallas,Medicare,Yes,Yes
H0969,WELLCARE HEALTH INSURANCE COMPANY OF NEW HAMPSHIRE,Local CCP,Local PPO,N/A,Yes,4196,06,Dallas,Medicare,Yes,Yes
H0978,"SCAN HEALTH PLAN NEVADA, INC.",Local CCP,HMO/HMOPOS,Yes,Yes,1313,09,San Francisco,Medicare,Yes,Yes
H0982,"SOLIS HEALTH PLANS, INC.",Local CCP,HMO/HMOPOS,Yes,Yes,3066,04,Atlanta,Medicare,Yes,Yes
H1016,"AVMED, INC.",Local CCP,HMO/HMOPOS,No,Yes,17644,03,Philadelphia,Medicare,Yes,Yes
H1019,"CAREPLUS HEALTH PLANS, INC.",Local CCP,HMO/HMOPOS,Yes,Yes,196020,07,Kansas City,Medicare,Yes,Yes
H1032,"Sunshine State Health Plan, Inc.",Local CCP,HMO/HMOPOS,Yes,Yes,109364,06,Dallas,Medicare,Yes,Yes
H1035,"FLORIDA BLUE MEDICARE, INC.",Local CCP,HMO/HMOPOS,Yes,Yes,90399,04,Atlanta,Medicare,Yes,Yes
H1036,"HUMANA MEDICAL PLAN, INC.",Local CCP,HMO/HMOPOS,Yes,Yes,608357,07,Kansas City,Medicare,Yes,Yes
H1045,"PREFERRED CARE PARTNERS, INC.",Local CCP,HMO/HMOPOS,Yes,Yes,318068,09,San Francisco,Medicare,Yes,Yes
H1099,HEALTH FIRST HEALTH PLANS,Local CCP,HMO/HMOPOS,No,Yes,33581,04,Atlanta,Medicare,Yes,Yes
H1109,AETNA HEALTH INC.(GA),Local CCP,HMO/HMOPOS,N/A,Yes,1302,03,Philadelphia,Medicare,Yes,Yes
H1111,CARE IMPROVEMENT PLUS SOUTH CENTRAL INSURANCE CO.,Local CCP,HMO/HMOPOS,No,Yes,8698,09,San Francisco,Medicare,No,Yes
H1112,"WELLCARE OF GEORGIA, INC.",Local CCP,HMO/HMOPOS,Yes,Yes,42738,06,Dallas,Medicare,Yes,Yes
H1119,"TSG GUARD, INC.",Local CCP,HMO/HMOPOS,Yes,Yes,1251,05,Chicago,Medicare,Yes,No
H1170,"KAISER FOUNDATION HP OF GA, INC.",Local CCP,HMO/HMOPOS,Yes,Yes,38873,09,San Francisco,Medicare,Yes,Yes
H1181,NETWORK HEALTH INSURANCE CORPORATION,MSA,MSA,N/A,No,1149,08,Denver,Medicare,Yes,Yes
H1189,CHRISTUS HEALTH PLAN,Local CCP,HMO/HMOPOS,N/A,Yes,4475,06,Dallas,Medicare,Yes,Yes
H1215,"NEBRASKA TOTAL CARE, INC.",Local CCP,HMO/HMOPOS,Yes,Yes,2739,06,Dallas,Medicare,Yes,Yes
H1224,LOCAL INITIATIVE HEALTH AUTHORITY FOR LA COUNTY,Local CCP,HMO/HMOPOS,Yes,Yes,18186,09,San Francisco,Medicare,Yes,Yes
H1225,"HOPKINS HEALTH ADVANTAGE, INC.",Local CCP,HMO/HMOPOS,Yes,Yes,8274,03,Philadelphia,Medicare,Yes,Yes
H1230,"KAISER FOUNDATION HP, INC.",Local CCP,HMO/HMOPOS,Yes,Yes,35964,09,San Francisco,Medicare,Yes,Yes
H1248,LOUISIANA HEALTH SERVICE & INDEMNITY COMPANY,Local CCP,Local PPO,N/A,Yes,8192,08,Denver,Medicare,Yes,Yes
H1278,CARE IMPROVEMENT PLUS SOUTH CENTRAL INSURANCE CO.,Local CCP,Local PPO,N/A,Yes,131154,09,San Francisco,Medicare,Yes,Yes
H1290,"DEVOTED HEALTH PLAN OF FLORIDA, INC.",Local CCP,HMO/HMOPOS,Yes,Yes,35579,02,New York,Medicare,Yes,Yes
H1302,"BLUE CROSS OF IDAHO CARE PLUS, INC.",Local CCP,Local PPO,N/A,Yes,894,10,Seattle,Medicare,Yes,Yes
H1304,"REGENCE BLUESHIELD OF IDAHO, INC.",Local CCP,Local PPO,N/A,Yes,8489,10,Seattle,Medicare,Yes,Yes
H1350,"BLUE CROSS OF IDAHO CARE PLUS, INC.",Local CCP,HMO/HMOPOS,Yes,Yes,56205,10,Seattle,Medicare,Yes,Yes
H1352,"BLUE-ADVANTAGE PLUS OF KANSAS CITY, INC.",Local CCP,HMO/HMOPOS,N/A,Yes,3906,07,Kansas City,Medicare,Yes,Yes
H1353,"WELLCARE OF WASHINGTON, INC.",Local CCP,HMO/HMOPOS,Yes,Yes,8510,06,Dallas,Medicare,Yes,Yes
H1360,"UnitedHealthcare Benefits of Texas, Inc.",Local CCP,HMO/HMOPOS,Yes,Yes,9737,09,San Francisco,Medicare,Yes,Yes
H1365,"MARTIN'S POINT GENERATIONS ADVANTAGE, INC.",Local CCP,Local PPO,N/A,Yes,1549,02,New York,Medicare,Yes,Yes
H1372,"MARQUIS ADVANTAGE, INC.",Local CCP,HMO/HMOPOS,Yes,Yes,554,10,Seattle,Medicare,Yes,No
H1375,"UNITEDHEALTHCARE COMMUNITY PLAN OF CALIFORNIA, INC",Local CCP,HMO/HMOPOS,Yes,Yes,3720,09,San Francisco,Medicare,No,Yes
H1395,"NEBRASKA TOTAL CARE, INC.",Local CCP,Local PPO,Yes,Yes,2267,06,Dallas,Medicare,Yes,Yes
H1415,"HEALTHSPRING LIFE & HEALTH INSURANCE COMPANY, INC.",Local CCP,HMO/HMOPOS,No,Yes,10226,02,New York,Medicare,No,Yes
H1416,"HARMONY HEALTH PLAN,  INC.",Local CCP,HMO/HMOPOS,Yes,Yes,68492,06,Dallas,Medicare,Yes,Yes
H1423,"WELLPOINT OHIO, INC.",Local CCP,HMO/HMOPOS,Yes,Yes,5951,05,Chicago,Medicare,Yes,Yes
H1463,"HEALTH ALLIANCE CONNECT, INC.",Local CCP,HMO/HMOPOS,No,Yes,24145,05,Chicago,Medicare,Yes,Yes
H1468,"HUMANA BENEFIT PLAN OF ILLINOIS, INC.",Local CCP,HMO/HMOPOS,Yes,Yes,126932,07,Kansas City,Medicare,Yes,Yes
H1537,CARE IMPROVEMENT PLUS SOUTH CENTRAL INSURANCE CO.,Local CCP,Local PPO,No,Yes,7993,09,San Francisco,Medicare,Yes,Yes
H1587,"ARKANSAS SUPERIOR SELECT, INC.",Local CCP,HMO/HMOPOS,Yes,Yes,1565,06,Dallas,Medicare,Yes,Yes
H1607,"ANTHEM INSURANCE COMPANIES, INC.",Local CCP,Local PPO,N/A,Yes,16290,05,Chicago,Medicare,Yes,Yes
H1608,COVENTRY HEALTH AND LIFE INSURANCE COMPANY,Local CCP,Local PPO,Yes,Yes,111183,03,Philadelphia,Medicare,Yes,Yes
H1609,AETNA HEALTH INC. (FL),Local CCP,HMO/HMOPOS,Yes,Yes,119446,03,Philadelphia,Medicare,Yes,Yes
H1610,"COVENTRY HEALTH CARE OF VIRGINIA, INC.",Local CCP,HMO/HMOPOS,Yes,Yes,13075,03,Philadelphia,Medicare,Yes,Yes
H1644,"LONGEVITY HEALTH PLAN OF FLORIDA, INC.",Local CCP,HMO/HMOPOS,Yes,Yes,807,02,New York,Medicare,Yes,No
H1651,"MEDICAL ASSOCIATES HEALTH PLAN, INC.",1876 Cost,1876 Cost,N/A,No,14972,07,Kansas City,Medicare,Yes,Yes
H1659,CARE IMPROVEMENT PLUS SOUTH CENTRAL INSURANCE CO.,Local CCP,Local PPO,N/A,Yes,1973,09,San Francisco,Medicare,Yes,Yes
H1664,"HOME STATE HEALTH PLAN, INC.",Local CCP,HMO/HMOPOS,Yes,Yes,2909,06,Dallas,Medicare,Yes,Yes
H1666,HCSC INSURANCE SERVICES COMPANY,Local CCP,Local PPO,N/A,Yes,12712,08,Denver,Medicare,Yes,Yes
H1692,"COVENTRY HEALTH CARE OF WEST VIRGINIA, INC.",Local CCP,HMO/HMOPOS,Yes,Yes,18179,03,Philadelphia,Medicare,Yes,Yes
H1722,"HEALTHFIRST HEALTH PLAN, INC.",Local CCP,HMO/HMOPOS,No,Yes,1330,02,New York,Medicare,Yes,Yes
H1732,"HEALTHPLUS HP, LLC",Local CCP,HMO/HMOPOS,Yes,Yes,34776,05,Chicago,Medicare,Yes,Yes
H1737,"HEALTH ALLIANCE - MIDWEST, INC.",Local CCP,HMO/HMOPOS,N/A,Yes,657,05,Chicago,Medicare,Yes,Yes
H1774,"CENTENE VENTURE COMPANY INDIANA, INC.",Local CCP,Local PPO,N/A,Yes,903,06,Dallas,Medicare,Yes,Yes
H1799,"MOLINA HEALTHCARE OF KENTUCKY, INC.",Local CCP,HMO/HMOPOS,Yes,Yes,2001,02,New York,Medicare,Yes,Yes
H1821,CARE IMPROVEMENT PLUS SOUTH CENTRAL INSURANCE CO.,Local CCP,Local PPO,N/A,Yes,71815,09,San Francisco,Medicare,No,Yes
H1822,"SCAN DESERT HEALTH PLAN, INC.",Local CCP,HMO/HMOPOS,Yes,Yes,2391,09,San Francisco,Medicare,Yes,Yes
H1846,MOUNT CARMEL HEALTH INSURANCE COMPANY,Local CCP,Local PPO,N/A,Yes,984,05,Chicago,Medicare,Yes,Yes
H1848,"WELLCARE OF ALABAMA, INC.",Local CCP,Local PPO,Yes,Yes,1826,06,Dallas,Medicare,Yes,Yes
H1862,"WELLCARE HEALTH PLANS OF VERMONT, INC.",Local CCP,HMO/HMOPOS,N/A,Yes,900,06,Dallas,Medicare,Yes,Yes
H1889,CARE IMPROVEMENT PLUS SOUTH CENTRAL INSURANCE CO.,Local CCP,Local PPO,Yes,Yes,217010,09,San Francisco,Medicare,Yes,Yes
H1894,"WELLPOINT WASHINGTON, INC.",Local CCP,HMO/HMOPOS,Yes,Yes,3308,05,Chicago,Medicare,Yes,Yes
H1914,"WELLCARE HEALTH INSURANCE OF CONNECTICUT, INC.",Local CCP,Local PPO,Yes,Yes,6465,06,Dallas,Medicare,Yes,Yes
H1924,LASSO HEALTHCARE INSURANCE COMPANY,MSA,MSA,N/A,No,4028,08,Denver,Medicare,No,Yes
H1944,"UNITEDHEALTHCARE OF WISCONSIN, INC.",Local CCP,HMO/HMOPOS,N/A,Yes,89027,09,San Francisco,Medicare,Yes,Yes
H1947,"COMMUNITY CARE HEALTH PLAN OF LOUISIANA, INC.",Local CCP,HMO/HMOPOS,Yes,Yes,2911,05,Chicago,Medicare,Yes,Yes
H1951,"HUMANA HEALTH BENEFIT PLAN OF LOUISIANA, INC.",Local CCP,HMO/HMOPOS,Yes,Yes,192429,07,Kansas City,Medicare,Yes,Yes
H1961,"PEOPLES HEALTH, INC.",Local CCP,HMO/HMOPOS,Yes,Yes,98912,09,San Francisco,Medicare,Yes,Yes
H1969,"REGENCE BLUESHIELD OF IDAHO, INC.",Local CCP,HMO/HMOPOS,N/A,Yes,2128,10,Seattle,Medicare,Yes,Yes
H1993,"ASTIVA HEALTH, INC.",Local CCP,HMO/HMOPOS,Yes,Yes,4673,09,San Francisco,Medicare,Yes,Yes
H1994,"SELECTHEALTH, INC.",Local CCP,HMO/HMOPOS,Yes,Yes,48971,06,Dallas,Medicare,Yes,Yes
H1997,REGENCE BLUESHIELD,Local CCP,HMO/HMOPOS,N/A,Yes,4377,10,Seattle,Medicare,Yes,Yes
H2001,"SIERRA HEALTH AND LIFE INSURANCE COMPANY, INC.",Local CCP,Local PPO,No,Yes,1873595,09,San Francisco,Medicare,Yes,Yes
H2029,"HUMANA INSURANCE OF PUERTO RICO, INC.",Local CCP,Local PPO,No,Yes,577,07,Kansas City,Medicare,Yes,Yes
H2032,Baylor Scott & White Insurance Company,Local CCP,Local PPO,N/A,Yes,2501,08,Denver,Medicare,Yes,Yes
H2034,"COMMUNITY CARE HEALTH PLAN, INC.",Local CCP,HMO/HMOPOS,Yes,Yes,485,05,Chicago,Medicare,Yes,Yes
H2056,AETNA BETTER HEALTH OF MICHIGAN INC.,Local CCP,HMO/HMOPOS,N/A,Yes,12827,03,Philadelphia,Medicare,Yes,Yes
H2108,"BRAVO HEALTH MID-ATLANTIC, INC.",Local CCP,HMO/HMOPOS,Yes,Yes,15910,02,New York,Medicare,Yes,Yes
H2117,"MERIDIAN HEALTH PLAN OF MICHIGAN, INC.",Local CCP,Local PPO,Yes,Yes,9532,06,Dallas,Medicare,Yes,Yes
H2128,CELTIC INSURANCE COMPANY,Local CCP,Local PPO,Yes,Yes,3602,06,Dallas,Medicare,Yes,Yes
H2134,"WESTERN SKY COMMUNITY CARE, INC.",Local CCP,HMO/HMOPOS,Yes,Yes,9191,06,Dallas,Medicare,Yes,Yes
H2162,"WELLCARE OF NEW HAMPSHIRE, INC.",Local CCP,HMO/HMOPOS,N/A,Yes,1147,06,Dallas,Medicare,Yes,Yes
H2168,VILLAGE SENIOR SERVICES CORPORATION,Local CCP,HMO/HMOPOS,Yes,Yes,3366,02,New York,Medicare,Yes,Yes
H2171,"CARE N' CARE INSURANCE COMPANY, INC.",Local CCP,HMO/HMOPOS,N/A,Yes,2296,06,Dallas,Medicare,Yes,Yes
H2172,KAISER FDTN HLTH PLAN OF THE MID-ATLANTIC STATES,Local CCP,HMO/HMOPOS,N/A,Yes,112262,09,San Francisco,Medicare,Yes,Yes
H2174,"TRILLIUM COMMUNITY HEALTH PLAN, INC.",Local CCP,HMO/HMOPOS,Yes,Yes,1716,06,Dallas,Medicare,Yes,Yes
H2196,"UNITEDHEALTHCARE OF WISCONSIN, INC.",Local CCP,HMO/HMOPOS,N/A,Yes,9686,09,San Francisco,Medicare,No,Yes
H2224,"SENIOR WHOLE HEALTH, LLC",Local CCP,HMO/HMOPOS,Yes,Yes,11919,02,New York,Medicare,Yes,Yes
H2225,"COMMONWEALTH CARE ALLIANCE, INC.",Local CCP,HMO/HMOPOS,Yes,Yes,14580,01,Boston,Medicare,Yes,Yes
H2226,UNITEDHEALTHCARE INSURANCE COMPANY,Local CCP,HMO/HMOPOS,Yes,Yes,22229,01,Boston,Medicare,Yes,Yes
H2228,CARE IMPROVEMENT PLUS SOUTH CENTRAL INSURANCE CO.,Local CCP,Local PPO,Yes,Yes,465667,09,San Francisco,Medicare,No,Yes
H2230,"BCBS  OF MASSACHUSETTS HMO BLUE, INC.",Local CCP,Local PPO,N/A,Yes,66100,01,Boston,Medicare,Yes,Yes
H2235,"BAYCARE SELECT HEALTH PLANS, INC.",Local CCP,HMO/HMOPOS,No,Yes,12977,04,Atlanta,Medicare,Yes,Yes
H2237,INDEPENDENT CARE HEALTH PLAN,Local CCP,HMO/HMOPOS,Yes,Yes,9408,07,Kansas City,Medicare,Yes,Yes
H2246,"SELECTHEALTH, INC.",Local CCP,Local PPO,N/A,Yes,2338,06,Dallas,Medicare,Yes,No
H2247,"UNITEDHEALTHCARE COMMUNITY PLAN, INC.",Local CCP,HMO/HMOPOS,Yes,Yes,33281,09,San Francisco,Medicare,Yes,Yes
H2256,TUFTS ASSOCIATED HEALTH MAINTENANCE ORGANIZATION,Local CCP,HMO/HMOPOS,No,Yes,102512,01,Boston,Medicare,Yes,Yes
H2261,"BCBS  OF MASSACHUSETTS HMO BLUE, INC.",Local CCP,HMO/HMOPOS,N/A,Yes,14447,01,Boston,Medicare,Yes,Yes
H2292,CARE IMPROVEMENT PLUS SOUTH CENTRAL INSURANCE CO.,Local CCP,Local PPO,Yes,Yes,10028,09,San Francisco,Medicare,Yes,No
H2293,SILVERSCRIPT INSURANCE COMPANY,Local CCP,Local PPO,Yes,Yes,84360,03,Philadelphia,Medicare,Yes,No
H2320,PRIORITY HEALTH,Local CCP,HMO/HMOPOS,No,Yes,155430,05,Chicago,Medicare,Yes,Yes
H2322,ALLIANCE HEALTH AND LIFE INSURANCE COMPANY,Local CCP,Local PPO,N/A,Yes,11315,05,Chicago,Medicare,Yes,Yes
H2354,HEALTH ALLIANCE PLAN OF MICHIGAN,Local CCP,HMO/HMOPOS,Yes,Yes,70327,05,Chicago,Medicare,Yes,Yes
H2392,"KANSAS SUPERIOR SELECT, INC.",Local CCP,HMO/HMOPOS,Yes,Yes,735,06,Dallas,Medicare,Yes,No
H2400,"SIGNATURE ADVANTAGE, LLC",Local CCP,HMO/HMOPOS,Yes,Yes,1000,03,Philadelphia,Medicare,Yes,No
H2406,CARE IMPROVEMENT PLUS SOUTH CENTRAL INSURANCE CO.,Local CCP,Local PPO,Yes,Yes,207318,09,San Francisco,Medicare,Yes,Yes
H2416,PRIMEWEST RURAL MN HEALTH CARE ACCESS INITIATIVE,Local CCP,HMO/HMOPOS,Yes,Yes,1903,05,Chicago,Medicare,Yes,Yes
H2419,SOUTH COUNTRY HEALTH ALLIANCE,Local CCP,HMO/HMOPOS,Yes,Yes,1281,05,Chicago,Medicare,Yes,Yes
H2422,"HEALTHPARTNERS, INC.",Local CCP,HMO/HMOPOS,Yes,Yes,5907,05,Chicago,Medicare,Yes,Yes
H2425,HMO Minnesota,Local CCP,HMO/HMOPOS,Yes,Yes,10197,05,Chicago,Medicare,Yes,Yes
H2450,MEDICA INSURANCE COMPANY,1876 Cost,1876 Cost,N/A,Yes,103807,07,Kansas City,Medicare,Yes,Yes
H2456,UCARE MINNESOTA,Local CCP,HMO/HMOPOS,Yes,Yes,17364,05,Chicago,Medicare,Yes,Yes
H2458,MEDICA HEALTH PLANS,Local CCP,HMO/HMOPOS,Yes,Yes,9945,07,Kansas City,Medicare,Yes,Yes
H2459,UCARE MINNESOTA,Local CCP,HMO/HMOPOS,Yes,Yes,106121,05,Chicago,Medicare,Yes,Yes
H2461,"BCBSM, Inc.",1876 Cost,1876 Cost,N/A,Yes,46190,05,Chicago,Medicare,Yes,Yes
H2462,"HEALTHPARTNERS, INC.",1876 Cost,1876 Cost,N/A,Yes,2625,05,Chicago,Medicare,Yes,Yes
H2463,"HUMANA HEALTH PLAN OF TEXAS, INC.",Local CCP,HMO/HMOPOS,No,Yes,2819,07,Kansas City,Medicare,Yes,Yes
H2486,"HUMANA MEDICAL PLAN OF UTAH, INC.",Local CCP,HMO/HMOPOS,No,Yes,17559,07,Kansas City,Medicare,Yes,Yes
H2491,"WELLCARE HEALTH INSURANCE OF ARIZONA, INC.",Local CCP,HMO/HMOPOS,Yes,Yes,21602,06,Dallas,Medicare,Yes,Yes
H2526,DEVOTED HEALTH PLAN OF OHIO INC,Local CCP,Local PPO,N/A,Yes,821,02,New York,Medicare,Yes,No
H2563,OPTIMA HEALTH PLAN,Local CCP,HMO/HMOPOS,Yes,Yes,24911,03,Philadelphia,Medicare,Yes,Yes
H2577,CARE IMPROVEMENT PLUS SOUTH CENTRAL INSURANCE CO.,Local CCP,Local PPO,N/A,Yes,146553,09,San Francisco,Medicare,Yes,Yes
H2582,ROCKY MOUNTAIN HEALTH MAINTENANCE ORGANIZATION INC,Local CCP,HMO/HMOPOS,Yes,Yes,11248,09,San Francisco,Medicare,Yes,Yes
H2591,"HEALTH ALLIANCE - MIDWEST, INC.",Local CCP,Local PPO,N/A,Yes,497,05,Chicago,Medicare,Yes,Yes
H2593,"WELLPOINT TEXAS, INC.",Local CCP,HMO/HMOPOS,Yes,Yes,9585,05,Chicago,Medicare,Yes,Yes
H2610,"ESSENCE HEALTHCARE, INC.",Local CCP,HMO/HMOPOS,Yes,Yes,54729,07,Kansas City,Medicare,Yes,Yes
H2624,CARE N' CARE INSURANCE COMPANY OF NORTH CAROLINA,Local CCP,HMO/HMOPOS,Yes,Yes,1262,04,Atlanta,Medicare,Yes,Yes
H2663,"COVENTRY HEALTH CARE OF MISSOURI, INC",Local CCP,HMO/HMOPOS,No,Yes,73128,03,Philadelphia,Medicare,Yes,Yes
H2686,DEVOTED HEALTH INSURANCE COMPANY OF HAWAII INC,Local CCP,Local PPO,N/A,Yes,2489,02,New York,Medicare,Yes,No
H2697,"DEVOTED HEALTH PLAN OF OHIO, INC.",Local CCP,HMO/HMOPOS,Yes,Yes,26293,02,New York,Medicare,Yes,Yes
H2722,"PRIMEWELL HEALTH SERVICES OF ARKANSAS, INC.",Local CCP,HMO/HMOPOS,Yes,Yes,717,08,Denver,Medicare,Yes,Yes
H2737,"HEALTH NEW ENGLAND, INC.",Local CCP,Local PPO,N/A,Yes,2139,02,New York,Medicare,Yes,Yes
H2765,"SUMMIT HEALTH PLAN, INC.",Local CCP,HMO/HMOPOS,N/A,Yes,2197,10,Seattle,Medicare,Yes,Yes
H2775,AMERICAN PROGRESSIVE LIFE & HLTH INS COMPANY OF NY,Local CCP,Local PPO,Yes,Yes,109967,06,Dallas,Medicare,Yes,Yes
H2782,WESTERN HEALTH ADVANTAGE,Local CCP,HMO/HMOPOS,N/A,Yes,3392,09,San Francisco,Medicare,Yes,Yes
H2793,IMPERIAL INSURANCE COMPANIES INC.,Local CCP,HMO/HMOPOS,Yes,Yes,984,09,San Francisco,Medicare,No,Yes
H2802,"UNITEDHEALTHCARE OF THE MIDLANDS, INC.",Local CCP,HMO/HMOPOS,Yes,Yes,268248,09,San Francisco,Medicare,Yes,Yes
H2816,AMERICAN PROGRESSIVE LIFE & HLTH INS COMPANY OF NY,PFFS,PFFS,N/A,Yes,2812,06,Dallas,Medicare,Yes,Yes
H2825,MARY WASHINGTON HEALTH PLAN,Local CCP,HMO/HMOPOS,N/A,Yes,3248,03,Philadelphia,Medicare,No,Yes
H2836,"ANTHEM HEALTH PLANS, INC.",Local CCP,Local PPO,Yes,Yes,11973,05,Chicago,Medicare,Yes,Yes
H2853,CENTENE VENTURE COMPANY TENNESSEE,Local CCP,HMO/HMOPOS,No,Yes,1172,06,Dallas,Medicare,Yes,Yes
H2879,"MOLINA HEALTHCARE OF WISCONSIN, INC.",Local CCP,HMO/HMOPOS,Yes,Yes,1387,02,New York,Medicare,Yes,Yes
H2915,"PENNSYLVANIA HEALTH & WELLNESS, INC.",Local CCP,HMO/HMOPOS,Yes,Yes,11331,06,Dallas,Medicare,Yes,Yes
H2942,COX HEALTH SYSTEMS HMO INC,Local CCP,HMO/HMOPOS,N/A,Yes,3867,07,Kansas City,Medicare,Yes,No
H2944,HUMANA INSURANCE COMPANY,PFFS,PFFS,N/A,Yes,1056,07,Kansas City,Medicare,Yes,Yes
H2960,"HOMETOWN HEALTH PLAN, INC.",Local CCP,HMO/HMOPOS,Yes,Yes,18516,06,Dallas,Medicare,Yes,Yes
H2962,"ULTIMATE HEALTH PLANS, INC.",Local CCP,HMO/HMOPOS,Yes,Yes,14820,04,Atlanta,Medicare,Yes,Yes
H2986,"Essence Healthcare of California, Inc.",Local CCP,HMO/HMOPOS,N/A,Yes,5526,07,Kansas City,Medicare,No,Yes
H3015,"SHARED HEALTH MISSISSIPPI, INC.",Local CCP,HMO/HMOPOS,Yes,Yes,3657,04,Atlanta,Medicare,Yes,Yes
H3047,WELLCARE HEALTH INSURANCE COMPANY OF LOUISIANA,Local CCP,Local PPO,No,Yes,2321,06,Dallas,Medicare,Yes,Yes
H3071,"CLEAR SPRING HEALTH COMMUNITY CARE, INC.",Local CCP,HMO/HMOPOS,No,Yes,1178,05,Chicago,Medicare,Yes,Yes
H3080,DEVOTED HEALTH PLAN OF ALABAMA INC,Local CCP,HMO/HMOPOS,Yes,Yes,2643,02,New York,Medicare,Yes,No
H3113,"OXFORD HEALTH PLANS (NJ), INC.",Local CCP,HMO/HMOPOS,Yes,Yes,97081,09,San Francisco,Medicare,Yes,Yes
H3132,"AHF MCO OF FLORIDA, INC.",Local CCP,HMO/HMOPOS,Yes,Yes,1105,09,San Francisco,Medicare,No,Yes
H3146,AETNA BETTER HEALTH INC. (GA),Local CCP,HMO/HMOPOS,Yes,Yes,46286,03,Philadelphia,Medicare,Yes,Yes
H3152,AETNA HEALTH INC. (NJ),Local CCP,HMO/HMOPOS,No,Yes,30522,03,Philadelphia,Medicare,Yes,Yes
H3170,"SAPPHIRE EDGE, INC.",Local CCP,HMO/HMOPOS,N/A,Yes,619,07,Kansas City,Medicare,Yes,Yes
H3192,AETNA HEALTH OF MICHIGAN INC.,Local CCP,HMO/HMOPOS,Yes,Yes,34292,03,Philadelphia,Medicare,Yes,Yes
H3204,PRESBYTERIAN HEALTH PLAN,Local CCP,HMO/HMOPOS,Yes,Yes,56637,06,Dallas,Medicare,Yes,Yes
H3206,"PRESBYTERIAN INSURANCE COMPANY, INC.",Local CCP,Local PPO,N/A,Yes,1362,06,Dallas,Medicare,Yes,Yes
H3219,ALLINA HEALTH AND AETNA INSURANCE COMPANY,Local CCP,Local PPO,N/A,Yes,19333,03,Philadelphia,Medicare,Yes,Yes
H3239,"AETNA BETTER HEALTH, INC. (LA)",Local CCP,HMO/HMOPOS,Yes,Yes,20194,03,Philadelphia,Medicare,Yes,Yes
H3240,"WELLPOINT NEW JERSEY, INC.",Local CCP,HMO/HMOPOS,Yes,Yes,22718,05,Chicago,Medicare,Yes,Yes
H3251,HEALTH CARE SERVICE CORPORATION,Local CCP,HMO/HMOPOS,Yes,Yes,9965,08,Denver,Medicare,Yes,Yes
H3256,CARE IMPROVEMENT PLUS SOUTH CENTRAL INSURANCE CO.,Local CCP,Local PPO,Yes,Yes,48912,09,San Francisco,Medicare,Yes,Yes
H3259,VOLUNTEER STATE HEALTH PLAN,Local CCP,HMO/HMOPOS,Yes,Yes,29700,04,Atlanta,Medicare,Yes,Yes
H3276,"CONNECTICARE INSURANCE COMPANY, INC.",Local CCP,HMO/HMOPOS,Yes,Yes,2384,02,New York,Medicare,Yes,Yes
H3288,AETNA HEALTH AND LIFE INSURANCE COMPANY,Local CCP,Local PPO,N/A,Yes,59070,03,Philadelphia,Medicare,Yes,Yes
H3291,"PRUITTHEALTH PREMIER, INC.",Local CCP,HMO/HMOPOS,Yes,Yes,1288,04,Atlanta,Medicare,Yes,No
H3305,"MVP HEALTH PLAN, INC.",Local CCP,HMO/HMOPOS,Yes,Yes,26251,02,New York,Medicare,Yes,Yes
H3307,"OXFORD HEALTH PLANS (NY), INC.",Local CCP,HMO/HMOPOS,No,Yes,38458,09,San Francisco,Medicare,Yes,Yes
H3312,AETNA HEALTH INC. (NY),Local CCP,HMO/HMOPOS,Yes,Yes,50055,03,Philadelphia,Medicare,Yes,Yes
H3330,HEALTH INSURANCE PLAN OF GREATER NEW YORK,Local CCP,HMO/HMOPOS,Yes,Yes,70265,02,New York,Medicare,Yes,Yes
H3335,"EXCELLUS HEALTH PLAN, INC.",Local CCP,Local PPO,N/A,Yes,81173,02,New York,Medicare,Yes,Yes
H3344,INDEPENDENT HEALTH BENEFITS CORPORATION,Local CCP,Local PPO,N/A,Yes,4734,02,New York,Medicare,Yes,Yes
H3347,"ELDERPLAN, INC.",Local CCP,HMO/HMOPOS,Yes,Yes,13120,02,New York,Medicare,Yes,Yes
H3351,"EXCELLUS HEALTH PLAN, INC.",Local CCP,HMO/HMOPOS,N/A,Yes,89915,02,New York,Medicare,Yes,Yes
H3359,"HEALTHFIRST HEALTH PLAN, INC.",Local CCP,HMO/HMOPOS,Yes,Yes,240776,02,New York,Medicare,Yes,Yes
H3362,"INDEPENDENT HEALTH ASSOCIATION, INC.",Local CCP,HMO/HMOPOS,Yes,Yes,61548,02,New York,Medicare,Yes,Yes
H3379,"UNITEDHEALTHCARE OF NEW YORK, INC.",Local CCP,HMO/HMOPOS,Yes,Yes,39207,09,San Francisco,Medicare,Yes,Yes
H3384,Highmark Western and Northeastern New York Inc.,Local CCP,HMO/HMOPOS,No,Yes,46548,03,Philadelphia,Medicare,Yes,Yes
H3387,"UNITEDHEALTHCARE OF NEW YORK, INC.",Local CCP,HMO/HMOPOS,Yes,Yes,151924,09,San Francisco,Medicare,Yes,Yes
H3388,"CAPITAL DISTRICT PHYSICIANS' HEALTH PLAN, INC.",Local CCP,HMO/HMOPOS,Yes,Yes,44025,02,New York,Medicare,Yes,Yes
H3404,BLUE CROSS AND BLUE SHIELD OF NORTH CAROLINA,Local CCP,Local PPO,N/A,Yes,26710,04,Atlanta,Medicare,Yes,Yes
H3416,"HEALTHPARTNERS UNITYPOINT HEALTH, INC.",Local CCP,Local PPO,N/A,Yes,10191,05,Chicago,Medicare,Yes,Yes
H3418,CARE IMPROVEMENT PLUS SOUTH CENTRAL INSURANCE CO.,Local CCP,Local PPO,N/A,Yes,37303,09,San Francisco,Medicare,Yes,Yes
H3442,CARE IMPROVEMENT PLUS SOUTH CENTRAL INSURANCE CO.,Local CCP,Local PPO,N/A,Yes,121416,09,San Francisco,Medicare,No,Yes
H3443,"ALIGNMENT HEALTH PLAN OF ARIZONA, INC.",Local CCP,HMO/HMOPOS,Yes,Yes,2596,09,San Francisco,Medicare,Yes,Yes
H3447,"HEALTHKEEPERS, INC.",Local CCP,HMO/HMOPOS,Yes,Yes,202692,05,Chicago,Medicare,Yes,Yes
H3449,BLUE CROSS AND BLUE SHIELD OF NORTH CAROLINA,Local CCP,HMO/HMOPOS,N/A,Yes,82972,04,Atlanta,Medicare,Yes,Yes
H3464,"UNITEDHEALTHCARE OF THE MIDLANDS, INC.",Local CCP,HMO/HMOPOS,N/A,Yes,20744,09,San Francisco,Medicare,No,Yes
H3467,"PROCARE ADVANTAGE, LLC",Local CCP,HMO/HMOPOS,Yes,Yes,741,06,Dallas,Medicare,Yes,No
H3471,HEALTH ALLIANCE NORTHWEST HEALTH PLAN,Local CCP,HMO/HMOPOS,N/A,Yes,12550,05,Chicago,Medicare,Yes,Yes
H3499,COORDINATED CARE CORPORATION,Local CCP,HMO/HMOPOS,Yes,Yes,4931,06,Dallas,Medicare,Yes,Yes
H3528,"CONNECTICARE, INC.",Local CCP,HMO/HMOPOS,No,Yes,33672,02,New York,Medicare,Yes,Yes
H3533,"HUMANA HEALTH COMPANY OF NEW YORK, INC.",Local CCP,HMO/HMOPOS,Yes,Yes,39512,07,Kansas City,Medicare,Yes,Yes
H3536,"MATTHEW THORNTON HEALTH PLAN, INC.",Local CCP,HMO/HMOPOS,No,Yes,4362,05,Chicago,Medicare,Yes,Yes
H3554,USABLE PPO INSURANCE COMPANY,Local CCP,Local PPO,N/A,Yes,6995,06,Dallas,Medicare,Yes,Yes
H3557,BLUE CROSS & BLUE SHIELD OF RHODE ISLAND,Local CCP,Local PPO,N/A,Yes,12624,01,Boston,Medicare,Yes,Yes
H3561,"HEALTH NET COMMUNITY SOLUTIONS, INC.",Local CCP,HMO/HMOPOS,Yes,Yes,7741,06,Dallas,Medicare,Yes,Yes
H3597,AETNA HEALTH INC. (ME),Local CCP,HMO/HMOPOS,Yes,Yes,17870,03,Philadelphia,Medicare,Yes,Yes
H3653,"PARAMOUNT CARE, INC.",Local CCP,HMO/HMOPOS,No,Yes,14338,05,Chicago,Medicare,Yes,Yes
H3655,COMMUNITY INSURANCE COMPANY,Local CCP,HMO/HMOPOS,Yes,Yes,274743,05,Chicago,Medicare,Yes,Yes
H3660,SUMMACARE INC.,Local CCP,HMO/HMOPOS,No,Yes,23582,05,Chicago,Medicare,Yes,Yes
H3664,AULTCARE HEALTH INSURING CORPORATION,Local CCP,HMO/HMOPOS,N/A,Yes,13927,05,Chicago,Medicare,Yes,Yes
H3668,"MOUNT CARMEL HEALTH PLAN, INC.",Local CCP,HMO/HMOPOS,N/A,Yes,37512,05,Chicago,Medicare,Yes,Yes
H3672,"THE HEALTH PLAN OF WEST VIRGINIA, INC.",Local CCP,HMO/HMOPOS,Yes,Yes,8197,03,Philadelphia,Medicare,Yes,Yes
H3706,"GLOBALHEALTH, INC.",Local CCP,HMO/HMOPOS,Yes,Yes,12329,02,New York,Medicare,Yes,Yes
H3727,OH CHS SNP INC.,Local CCP,HMO/HMOPOS,Yes,Yes,2000,05,Chicago,Medicare,Yes,No
H3748,"AETNA BETTER HEALTH OF WASHINGTON, INC.",Local CCP,HMO/HMOPOS,N/A,Yes,23071,03,Philadelphia,Medicare,Yes,Yes
H3749,"UNITEDHEALTHCARE OF WISCONSIN, INC.",Local CCP,HMO/HMOPOS,No,Yes,36692,09,San Francisco,Medicare,Yes,Yes
H3755,"COMMUNITYCARE GOVERNMENT PROGRAMS, INC.",Local CCP,HMO/HMOPOS,N/A,Yes,32608,06,Dallas,Medicare,Yes,Yes
H3777,"EXPERIENCE HEALTH, INC.",Local CCP,HMO/HMOPOS,N/A,Yes,4517,04,Atlanta,Medicare,Yes,Yes
H3794,"UNITEDHEALTHCARE OF WISCONSIN, INC.",Local CCP,HMO/HMOPOS,Yes,Yes,43815,09,San Francisco,Medicare,Yes,Yes
H3800,PROVIDER PARTNERS HEALTH PLAN OF ILLINOIS,Local CCP,HMO/HMOPOS,Yes,Yes,1348,03,Philadelphia,Medicare,Yes,No
H3805,"UnitedHealthcare Benefits of Texas, Inc.",Local CCP,HMO/HMOPOS,No,Yes,149358,09,San Francisco,Medicare,Yes,Yes
H3810,"ALLCARE HEALTH PLAN, INC.",Local CCP,HMO/HMOPOS,Yes,Yes,4774,10,Seattle,Medicare,Yes,Yes
H3811,"SAMARITAN HEALTH PLANS, INC.",Local CCP,HMO/HMOPOS,Yes,Yes,6905,10,Seattle,Medicare,Yes,Yes
H3813,"MODA HEALTH PLAN, INC.",Local CCP,Local PPO,N/A,Yes,5951,10,Seattle,Medicare,Yes,Yes
H3814,ATRIO HEALTH PLANS,Local CCP,HMO/HMOPOS,Yes,Yes,2768,10,Seattle,Medicare,Yes,Yes
H3815,ALIGNMENT HEALTH PLAN,Local CCP,HMO/HMOPOS,Yes,Yes,104565,09,San Francisco,Medicare,Yes,Yes
H3817,REGENCE BLUECROSS BLUESHIELD OF OREGON,Local CCP,Local PPO,N/A,Yes,72628,10,Seattle,Medicare,Yes,Yes
H3822,HEALTH CARE SERVICE CORPORATION,Local CCP,HMO/HMOPOS,No,Yes,21571,08,Denver,Medicare,Yes,Yes
H3832,HAWAII MEDICAL SERVICE ASSOCIATION,Local CCP,Local PPO,Yes,Yes,37559,09,San Francisco,Medicare,Yes,Yes
H3864,PACIFICSOURCE COMMUNITY HEALTH PLANS,Local CCP,HMO/HMOPOS,Yes,Yes,36531,10,Seattle,Medicare,Yes,Yes
H3890,"HOPKINS HEALTH ADVANTAGE, INC.",Local CCP,Local PPO,N/A,Yes,6131,03,Philadelphia,Medicare,Yes,Yes
H3907,"UPMC HEALTH PLAN, INC.",Local CCP,HMO/HMOPOS,No,Yes,147539,03,Philadelphia,Medicare,Yes,Yes
H3909,QCC INSURANCE COMPANY,Local CCP,Local PPO,N/A,Yes,28979,03,Philadelphia,Medicare,Yes,Yes
H3916,HIGHMARK SENIOR HEALTH COMPANY,Local CCP,Local PPO,N/A,Yes,205813,03,Philadelphia,Medicare,Yes,Yes
H3923,CAPITAL ADVANTAGE INSURANCE COMPANY,Local CCP,Local PPO,N/A,Yes,24679,03,Philadelphia,Medicare,Yes,Yes
H3924,GEISINGER INDEMNITY INSURANCE COMPANY,Local CCP,Local PPO,No,Yes,44926,03,Philadelphia,Medicare,Yes,Yes
H3928,AETNA HEALTH INC. (LA),Local CCP,HMO/HMOPOS,N/A,Yes,900,03,Philadelphia,Medicare,Yes,Yes
H3931,AETNA HEALTH INC. (PA),Local CCP,HMO/HMOPOS,No,Yes,63862,03,Philadelphia,Medicare,Yes,Yes
H3949,"BRAVO HEALTH PENNSYLVANIA, INC.",Local CCP,HMO/HMOPOS,Yes,Yes,42103,02,New York,Medicare,Yes,Yes
H3952,"KEYSTONE HEALTH PLAN EAST, INC.",Local CCP,HMO/HMOPOS,No,Yes,80145,03,Philadelphia,Medicare,Yes,Yes
H3954,GEISINGER HEALTH PLAN,Local CCP,HMO/HMOPOS,Yes,Yes,55088,03,Philadelphia,Medicare,Yes,Yes
H3957,HIGHMARK CHOICE COMPANY,Local CCP,HMO/HMOPOS,No,Yes,57276,03,Philadelphia,Medicare,Yes,Yes
H3959,AETNA HEALTH INC. (PA),Local CCP,HMO/HMOPOS,Yes,Yes,176956,03,Philadelphia,Medicare,Yes,Yes
H3962,"KEYSTONE HEALTH PLAN CENTRAL, INC.",Local CCP,HMO/HMOPOS,No,Yes,9497,03,Philadelphia,Medicare,Yes,Yes
H3975,"WELLCARE HEALTH INSURANCE COMPANY OF KENTUCKY, INC",Local CCP,Local PPO,Yes,Yes,3337,06,Dallas,Medicare,Yes,Yes
H3979,"GHS HEALTH MAINTENANCE ORGANIZATION, INC.",Local CCP,HMO/HMOPOS,No,Yes,1707,08,Denver,Medicare,Yes,Yes
H4003,"MMM HEALTHCARE, LLC",Local CCP,HMO/HMOPOS,Yes,Yes,174656,05,Chicago,Medicare,Yes,Yes
H4004,"MMM HEALTHCARE, LLC",Local CCP,HMO/HMOPOS,Yes,Yes,116928,05,Chicago,Medicare,Yes,Yes
H4005,"TRIPLE S ADVANTAGE, INC.",Local CCP,Local PPO,N/A,Yes,6366,04,Atlanta,Medicare,Yes,Yes
H4007,"HUMANA HEALTH PLANS OF PUERTO RICO, INC.",Local CCP,HMO/HMOPOS,Yes,Yes,26622,07,Kansas City,Medicare,Yes,Yes
H4036,"ANTHEM INSURANCE COMPANIES, INC.",Local CCP,Local PPO,No,Yes,244807,05,Chicago,Medicare,Yes,Yes
H4045,SANTA CLARA COUNTY HEALTH AUTHORITY,Local CCP,HMO/HMOPOS,Yes,Yes,10546,09,San Francisco,Medicare,Yes,No
H4054,"PROVIDER PARTNERS HEALTH PLAN OF TEXAS, INC.",Local CCP,HMO/HMOPOS,Yes,Yes,1983,03,Philadelphia,Medicare,Yes,No
H4073,"WELLCARE HEALTH INSURANCE OF NORTH CAROLINA, INC.",Local CCP,HMO/HMOPOS,Yes,Yes,5184,06,Dallas,Medicare,Yes,Yes
H4091,"SIMPRA ADVANTAGE, INC.",Local CCP,Local PPO,Yes,Yes,2536,04,Atlanta,Medicare,Yes,No
H4093,"PROVIDER PARTNERS HEALTH PLAN OF PENNSYLVANIA, INC",Local CCP,HMO/HMOPOS,Yes,Yes,680,03,Philadelphia,Medicare,Yes,No
H4140,"DOCTORS HEALTHCARE PLANS, INC.",Local CCP,HMO/HMOPOS,Yes,Yes,10486,04,Atlanta,Medicare,Yes,Yes
H4141,"HUMANA EMPLOYERS HEALTH PLAN OF GEORGIA, INC.",Local CCP,HMO/HMOPOS,Yes,Yes,92825,07,Kansas City,Medicare,Yes,Yes
H4152,BLUE CROSS & BLUE SHIELD OF RHODE ISLAND,Local CCP,HMO/HMOPOS,Yes,Yes,59618,01,Boston,Medicare,Yes,Yes
H4161,BLUE CROSS OF CALIFORNIA PARTNERSHIP PLAN,Local CCP,HMO/HMOPOS,Yes,Yes,44015,05,Chicago,Medicare,Yes,No
H4172,"NHC ADVANTAGE, LLC",Local CCP,HMO/HMOPOS,Yes,Yes,1026,07,Kansas City,Medicare,Yes,No
H4213,USABLE MUTUAL INSURANCE COMPANY,PFFS,PFFS,N/A,Yes,2513,06,Dallas,Medicare,Yes,Yes
H4227,"VISTA HEALTH PLAN, INC.",Local CCP,HMO/HMOPOS,Yes,Yes,17553,03,Philadelphia,Medicare,Yes,Yes
H4279,"UPMC FOR YOU, INC",Local CCP,HMO/HMOPOS,Yes,Yes,41198,03,Philadelphia,Medicare,Yes,Yes
H4286,"LEON HEALTH, INC.",Local CCP,HMO/HMOPOS,Yes,Yes,39075,04,Atlanta,Medicare,Yes,Yes
H4304,UNIVERSITY OF UTAH HEALTH INSURANCE PLANS,Local CCP,Local PPO,N/A,Yes,1328,06,Dallas,Medicare,No,Yes
H4343,"CENTENE VENTURE COMPANY ALABAMA HEALTH PLAN, INC.",Local CCP,HMO/HMOPOS,Yes,Yes,1007,06,Dallas,Medicare,Yes,Yes
H4346,"HMO COLORADO, INC.",Local CCP,HMO/HMOPOS,Yes,Yes,11482,05,Chicago,Medicare,Yes,Yes
H4407,"HEALTHSPRING LIFE & HEALTH INSURANCE COMPANY, INC.",Local CCP,HMO/HMOPOS,Yes,Yes,13537,02,New York,Medicare,Yes,Yes
H4461,CARITEN HEALTH PLAN INC.,Local CCP,HMO/HMOPOS,Yes,Yes,169000,07,Kansas City,Medicare,Yes,Yes
H4497,MEDICAL MUTUAL OF OHIO,Local CCP,Local PPO,N/A,Yes,10161,05,Chicago,Medicare,Yes,Yes
H4506,"SELECTCARE OF TEXAS, INC.",Local CCP,HMO/HMOPOS,No,Yes,30399,06,Dallas,Medicare,Yes,Yes
H4513,"HEALTHSPRING LIFE & HEALTH INSURANCE COMPANY, INC.",Local CCP,HMO/HMOPOS,Yes,Yes,272104,02,New York,Medicare,Yes,Yes
H4514,"UNITEDHEALTHCARE COMMUNITY PLAN OF TEXAS, L.L.C.",Local CCP,HMO/HMOPOS,Yes,Yes,67901,09,San Francisco,Medicare,Yes,Yes
H4523,AETNA HEALTH INC. (TX),Local CCP,HMO/HMOPOS,No,Yes,11415,03,Philadelphia,Medicare,Yes,Yes
H4527,"PHYSICIANS HEALTH CHOICE OF TEXAS, LLC",Local CCP,HMO/HMOPOS,Yes,Yes,157073,09,San Francisco,Medicare,Yes,Yes
H4537,"WELLCARE HEALTH INSURANCE COMPANY OF OKLAHOMA, INC",Local CCP,Local PPO,Yes,Yes,428,06,Dallas,Medicare,Yes,No
H4544,"PEOPLES HEALTH, INC.",Local CCP,Local PPO,No,Yes,3580,09,San Francisco,Medicare,Yes,Yes
H4590,"UNITEDHEALTHCARE BENEFITS OF TEXAS, INC.",Local CCP,HMO/HMOPOS,Yes,Yes,370718,09,San Francisco,Medicare,No,Yes
H4604,"UNITEDHEALTHCARE OF THE ROCKIES, INC.",Local CCP,HMO/HMOPOS,Yes,Yes,122610,09,San Francisco,Medicare,Yes,Yes
H4605,REGENCE BLUECROSS BLUESHIELD OF UTAH,Local CCP,Local PPO,N/A,Yes,11482,10,Seattle,Medicare,Yes,Yes
H4623,"HUMANA REGIONAL HEALTH PLAN, INC.",Local CCP,HMO/HMOPOS,N/A,Yes,18519,07,Kansas City,Medicare,Yes,Yes
H4624,"ZING HEALTH OF MICHIGAN, INC.",Local CCP,HMO/HMOPOS,Yes,Yes,2494,05,Chicago,Medicare,Yes,Yes
H4675,HEALTHIER NEW JERSEY INSURANCE COMPANY,Local CCP,HMO/HMOPOS,N/A,Yes,1446,02,New York,Medicare,No,Yes
H4676,"TROY HEALTH, INC.",Local CCP,HMO/HMOPOS,Yes,Yes,2203,04,Atlanta,Medicare,Yes,Yes
H4699,"WELLCARE HEALTH PLANS OF RHODE ISLAND, INC.",Local CCP,Local PPO,Yes,Yes,1467,06,Dallas,Medicare,Yes,Yes
H4711,"COVENTRY HEALTH CARE OF NEBRASKA, INC.",Local CCP,HMO/HMOPOS,Yes,Yes,14814,03,Philadelphia,Medicare,Yes,Yes
H4733,COMMUNITY HEALTH GROUP,Local CCP,HMO/HMOPOS,Yes,Yes,6709,09,San Francisco,Medicare,Yes,No
H4754,PACIFICSOURCE COMMUNITY HEALTH PLANS,Local CCP,Local PPO,N/A,Yes,8424,10,Seattle,Medicare,Yes,Yes
H4801,GHS INSURANCE COMPANY,Local CCP,Local PPO,N/A,Yes,11026,08,Denver,Medicare,Yes,Yes
H4829,UHC OF CALIFORNIA,Local CCP,Local PPO,N/A,Yes,38854,09,San Francisco,Medicare,No,Yes
H4835,AETNA BETTER HEALTH OF OKLAHOMA INC.,Local CCP,HMO/HMOPOS,N/A,Yes,7396,03,Philadelphia,Medicare,Yes,Yes
H4847,"WELLCARE OF SOUTH CAROLINA, INC.",Local CCP,HMO/HMOPOS,Yes,Yes,9024,06,Dallas,Medicare,Yes,Yes
H4863,TRH HEALTH INSURANCE COMPANY,Local CCP,HMO/HMOPOS,N/A,Yes,461,04,Atlanta,Medicare,Yes,No
H4868,NEW YORK QUALITY HEALTHCARE CORPORATION,Local CCP,HMO/HMOPOS,Yes,Yes,60330,06,Dallas,Medicare,Yes,Yes
H4875,PRIORITY HEALTH,Local CCP,Local PPO,N/A,Yes,78518,05,Chicago,Medicare,Yes,Yes
H4882,"HEALTHPARTNERS, INC.",Local CCP,Local PPO,N/A,Yes,42519,05,Chicago,Medicare,Yes,Yes
H4909,"ANTHEM INSURANCE COMPANIES, INC.",Local CCP,Local PPO,Yes,Yes,44703,05,Chicago,Medicare,Yes,Yes
H4922,"AGEWELL NEW YORK, LLC",Local CCP,HMO/HMOPOS,Yes,Yes,469,02,New York,Medicare,No,Yes
H4931,BANNER - UNIVERSITY CARE ADVANTAGE,Local CCP,HMO/HMOPOS,Yes,Yes,13161,09,San Francisco,Medicare,Yes,Yes
H4937,CALIFORNIA PHYSICIANS' SERVICE,Local CCP,Local PPO,N/A,Yes,18083,09,San Francisco,Medicare,Yes,Yes
H4961,ALIGNMENT HEALTH PLAN,Local CCP,Local PPO,N/A,Yes,5054,09,San Francisco,Medicare,Yes,Yes
H4982,AETNA BETTER HEALTH OF CALIFORNIA INC.,Local CCP,HMO/HMOPOS,Yes,Yes,21382,03,Philadelphia,Medicare,Yes,Yes
H5008,CARE IMPROVEMENT PLUS SOUTH CENTRAL INSURANCE CO.,Local CCP,HMO/HMOPOS,Yes,Yes,125300,09,San Francisco,Medicare,Yes,Yes
H5009,REGENCE BLUESHIELD,Local CCP,Local PPO,N/A,Yes,26873,10,Seattle,Medicare,Yes,Yes
H5010,ASURIS NORTHWEST HEALTH,Local CCP,Local PPO,N/A,Yes,1233,10,Seattle,Medicare,Yes,Yes
H5015,"TEXAS INDEPENDENCE HEALTH PLAN, INC.",Local CCP,HMO/HMOPOS,Yes,Yes,2138,06,Dallas,Medicare,Yes,No
H5042,"CDPHP UNIVERSAL BENEFITS, INC.",Local CCP,Local PPO,N/A,Yes,9127,02,New York,Medicare,Yes,Yes
H5050,KAISER FOUNDATION HEALTH PLAN OF WASHINGTON,Local CCP,HMO/HMOPOS,No,Yes,98893,09,San Francisco,Medicare,Yes,Yes
H5087,"WELLCARE OF CALIFORNIA, INC.",Local CCP,HMO/HMOPOS,Yes,Yes,68232,06,Dallas,Medicare,Yes,Yes
H5106,HIGHMARK SENIOR SOLUTIONS COMPANY,Local CCP,Local PPO,N/A,Yes,13463,03,Philadelphia,Medicare,Yes,Yes
H5140,"BLUE CROSS AND BLUE SHIELD ARIZONA, INC.",Local CCP,Local PPO,N/A,Yes,2090,09,San Francisco,Medicare,Yes,Yes
H5141,CLOVER INSURANCE COMPANY,Local CCP,Local PPO,No,Yes,76974,02,New York,Medicare,Yes,Yes
H5199,"WELLCARE HEALTH INSURANCE OF ARIZONA, INC.",Local CCP,Local PPO,Yes,Yes,9517,06,Dallas,Medicare,Yes,Yes
H5209,"My Choice Wisconsin Health Plan, Inc.",Local CCP,HMO/HMOPOS,Yes,Yes,1862,02,New York,Medicare,Yes,Yes
H5211,"SECURITY HEALTH PLAN OF WISCONSIN, INC.",Local CCP,HMO/HMOPOS,Yes,Yes,64343,08,Denver,Medicare,Yes,Yes
H5215,NETWORK HEALTH INSURANCE CORPORATION,Local CCP,Local PPO,Yes,Yes,70211,05,Chicago,Medicare,Yes,Yes
H5216,HUMANA INSURANCE COMPANY,Local CCP,Local PPO,Yes,Yes,2403875,07,Kansas City,Medicare,Yes,Yes
H5253,"UNITEDHEALTHCARE OF WISCONSIN, INC.",Local CCP,HMO/HMOPOS,Yes,Yes,804315,09,San Francisco,Medicare,Yes,Yes
H5256,MEDICAL ASSOCIATES CLINIC HEALTH PLAN,1876 Cost,1876 Cost,N/A,No,3689,07,Kansas City,Medicare,Yes,Yes
H5262,QUARTZ HEALTH PLAN CORPORATION,Local CCP,HMO/HMOPOS,Yes,Yes,30622,05,Chicago,Medicare,Yes,Yes
H5264,"DEAN HEALTH PLAN, INC.",1876 Cost,1876 Cost,N/A,No,13082,07,Kansas City,Medicare,Yes,Yes
H5273,"CAREPARTNERS OF CONNECTICUT, INC.",Local CCP,HMO/HMOPOS,No,Yes,5117,01,Boston,Medicare,Yes,Yes
H5294,"SUPERIOR HEALTHPLAN, INC.",Local CCP,HMO/HMOPOS,Yes,Yes,28290,06,Dallas,Medicare,Yes,Yes
H5296,"ALIGNMENT HEALTH PLAN OF NORTH CAROLINA, INC.",Local CCP,HMO/HMOPOS,Yes,Yes,3050,09,San Francisco,Medicare,Yes,Yes
H5299,DEVOTED HEALTH PLAN OF NORTH CAROLINA INC,Local CCP,HMO/HMOPOS,N/A,Yes,1409,02,New York,Medicare,Yes,No
H5302,AETNA HEALTH INC. (GA),Local CCP,HMO/HMOPOS,Yes,Yes,6649,03,Philadelphia,Medicare,Yes,Yes
H5322,CARE IMPROVEMENT PLUS SOUTH CENTRAL INSURANCE CO.,Local CCP,HMO/HMOPOS,Yes,Yes,173165,09,San Francisco,Medicare,Yes,Yes
H5325,"COVENTRY HEALTH CARE OF KANSAS, INC.",Local CCP,HMO/HMOPOS,Yes,Yes,15532,03,Philadelphia,Medicare,Yes,Yes
H5374,"LONGEVITY HEALTH PLAN OF NORTH CAROLINA, INC.",Local CCP,HMO/HMOPOS,Yes,Yes,1013,02,New York,Medicare,Yes,No
H5377,"HUMANA MEDICAL PLAN OF PENNSYLVANIA, INC.",Local CCP,HMO/HMOPOS,No,Yes,4375,07,Kansas City,Medicare,Yes,Yes
H5386,SHARP HEALTH PLAN,Local CCP,HMO/HMOPOS,N/A,Yes,13093,09,San Francisco,Medicare,Yes,Yes
H5398,CENTENE VENTURE COMPANY KANSAS,Local CCP,HMO/HMOPOS,No,Yes,1096,06,Dallas,Medicare,Yes,Yes
H5410,"HEALTHSPRING OF FLORIDA, INC.",Local CCP,HMO/HMOPOS,Yes,Yes,28522,02,New York,Medicare,Yes,Yes
H5420,"Preferred Care Network, Inc.",Local CCP,HMO/HMOPOS,Yes,Yes,39616,09,San Francisco,Medicare,Yes,Yes
H5422,BLUE CROSS BLUE SHIELD HEALTHCARE PLAN OF GEORGIA,Local CCP,HMO/HMOPOS,Yes,Yes,17210,05,Chicago,Medicare,Yes,Yes
H5425,SCAN HEALTH PLAN,Local CCP,HMO/HMOPOS,Yes,Yes,281627,09,San Francisco,Medicare,Yes,Yes
H5427,"FREEDOM HEALTH, INC.",Local CCP,HMO/HMOPOS,Yes,Yes,59639,05,Chicago,Medicare,Yes,Yes
H5431,"HEALTHSUN HEALTH PLANS, INC.",Local CCP,HMO/HMOPOS,Yes,Yes,51402,05,Chicago,Medicare,Yes,Yes
H5433,ORANGE COUNTY HEALTH AUTHORITY,Local CCP,HMO/HMOPOS,Yes,Yes,17635,09,San Francisco,Medicare,Yes,Yes
H5434,"BLUE CROSS AND BLUE SHIELD OF FLORIDA, INC.",Local CCP,Local PPO,N/A,Yes,71005,04,Atlanta,Medicare,Yes,Yes
H5435,CARE IMPROVEMENT PLUS SOUTH CENTRAL INSURANCE CO.,PFFS,PFFS,N/A,Yes,2810,09,San Francisco,Medicare,Yes,Yes
H5439,HEALTH NET LIFE INSURANCE COMPANY,Local CCP,Local PPO,N/A,Yes,13809,06,Dallas,Medicare,Yes,Yes
H5471,"SIMPLY HEALTHCARE PLANS, INC.",Local CCP,HMO/HMOPOS,Yes,Yes,58420,05,Chicago,Medicare,Yes,Yes
H5475,"MERIDIAN HEALTH PLAN OF MICHIGAN, INC.",Local CCP,HMO/HMOPOS,Yes,Yes,32104,06,Dallas,Medicare,Yes,Yes
H5496,"IMPERIAL HEALTH PLAN OF CALIFORNIA, INC.",Local CCP,HMO/HMOPOS,Yes,Yes,8255,09,San Francisco,Medicare,Yes,Yes
H5521,AETNA LIFE INSURANCE COMPANY,Local CCP,Local PPO,N/A,Yes,2042538,03,Philadelphia,Medicare,Yes,Yes
H5522,AETNA LIFE INSURANCE COMPANY,Local CCP,Local PPO,N/A,Yes,94938,03,Philadelphia,Medicare,Yes,Yes
H5525,"HUMANA BENEFIT PLAN OF ILLINOIS, INC.",Local CCP,Local PPO,Yes,Yes,185350,07,Kansas City,Medicare,Yes,Yes
H5526,Highmark Western and Northeastern New York Inc.,Local CCP,Local PPO,N/A,Yes,25513,03,Philadelphia,Medicare,Yes,Yes
H5533,"UPMC HEALTH NETWORK, INC.",Local CCP,Local PPO,N/A,Yes,21378,03,Philadelphia,Medicare,Yes,Yes
H5549,VNS CHOICE,Local CCP,HMO/HMOPOS,Yes,Yes,7450,02,New York,Medicare,Yes,Yes
H5576,"VANTAGE HEALTH PLAN, INC.",Local CCP,HMO/HMOPOS,Yes,Yes,17126,08,Denver,Medicare,No,Yes
H5577,"MCS ADVANTAGE, INC.",Local CCP,HMO/HMOPOS,Yes,Yes,209663,02,New York,Medicare,Yes,Yes
H5580,MERCY CARE,Local CCP,HMO/HMOPOS,Yes,Yes,12767,09,San Francisco,Medicare,Yes,Yes
H5587,"HEALTH CHOICE ARIZONA, INC.",Local CCP,HMO/HMOPOS,Yes,Yes,8762,09,San Francisco,Medicare,Yes,Yes
H5590,"Bridgeway Health Solutions of Arizona, Inc.",Local CCP,HMO/HMOPOS,Yes,Yes,22005,06,Dallas,Medicare,Yes,Yes
H5591,"MARTIN'S POINT GENERATIONS ADVANTAGE, INC.",Local CCP,HMO/HMOPOS,Yes,Yes,70687,02,New York,Medicare,Yes,Yes
H5593,AETNA HEALTH OF IOWA INC.,Local CCP,HMO/HMOPOS,Yes,Yes,3510,03,Philadelphia,Medicare,Yes,Yes
H5594,"OPTIMUM HEALTHCARE, INC.",Local CCP,HMO/HMOPOS,Yes,Yes,59421,05,Chicago,Medicare,Yes,Yes
H5599,NEW YORK QUALITY HEALTHCARE CORPORATION,Local CCP,HMO/HMOPOS,Yes,Yes,56656,06,Dallas,Medicare,Yes,Yes
H5608,"DENVER HEALTH MEDICAL PLAN, INC.",Local CCP,HMO/HMOPOS,Yes,Yes,5002,06,Dallas,Medicare,Yes,Yes
H5619,"ARCADIAN HEALTH PLAN, INC.",Local CCP,HMO/HMOPOS,Yes,Yes,502754,07,Kansas City,Medicare,Yes,Yes
H5628,"MOLINA HEALTHCARE OF UTAH, INC.",Local CCP,HMO/HMOPOS,Yes,Yes,19566,02,New York,Medicare,Yes,Yes
H5649,"CENTRAL HEALTH PLAN OF CALIFORNIA, INC.",Local CCP,HMO/HMOPOS,Yes,Yes,50029,05,Chicago,Medicare,Yes,Yes
H5652,"SIERRA HEALTH AND LIFE INSURANCE COMPANY, INC.",Local CCP,HMO/HMOPOS,Yes,Yes,6046,09,San Francisco,Medicare,Yes,Yes
H5746,WELLPOINT INSURANCE COMPANY,Local CCP,HMO/HMOPOS,Yes,Yes,2583,05,Chicago,Medicare,No,Yes
H5774,"TRIPLE S ADVANTAGE, INC.",Local CCP,HMO/HMOPOS,Yes,Yes,115829,04,Atlanta,Medicare,Yes,Yes
H5779,"MERIDIAN HEALTH PLAN OF ILLINOIS, INC.",Local CCP,HMO/HMOPOS,No,Yes,10971,06,Dallas,Medicare,Yes,Yes
H5793,AETNA HEALTH INC. (CT),Local CCP,HMO/HMOPOS,Yes,Yes,17304,03,Philadelphia,Medicare,Yes,Yes
H5810,MOLINA HEALTHCARE OF CALIFORNIA,Local CCP,HMO/HMOPOS,Yes,Yes,19118,02,New York,Medicare,Yes,Yes
H5823,"MOLINA HEALTHCARE OF WASHINGTON, INC.",Local CCP,HMO/HMOPOS,Yes,Yes,21788,02,New York,Medicare,Yes,Yes
H5826,COMMUNITY HEALTH PLAN OF WASHINGTON,Local CCP,HMO/HMOPOS,Yes,Yes,16375,10,Seattle,Medicare,Yes,Yes
H5828,"WELLPOINT TENNESSEE, INC.",Local CCP,HMO/HMOPOS,Yes,Yes,45279,05,Chicago,Medicare,Yes,Yes
H5843,"BANNER HEALTH PLAN, INC.",Local CCP,HMO/HMOPOS,N/A,Yes,10500,09,San Francisco,Medicare,Yes,Yes
H5852,AIDS HEALTHCARE FOUNDATION,Local CCP,HMO/HMOPOS,Yes,Yes,592,09,San Francisco,Medicare,Yes,Yes
H5854,"ANTHEM HEALTH PLANS, INC.",Local CCP,HMO/HMOPOS,Yes,Yes,26927,05,Chicago,Medicare,Yes,Yes
H5859,"HEALTH PLAN OF CAREOREGON, INC.",Local CCP,HMO/HMOPOS,Yes,Yes,16539,10,Seattle,Medicare,Yes,Yes
H5883,BLUE CARE NETWORK OF MICHIGAN,Local CCP,HMO/HMOPOS,No,Yes,97876,05,Chicago,Medicare,Yes,Yes
H5900,"WELLMARK ADVANTAGE HEALTH PLAN, INC.",Local CCP,Local PPO,N/A,Yes,11398,05,Chicago,Medicare,Yes,Yes
H5926,"MOLINA HEALTHCARE OF MICHIGAN, INC.",Local CCP,HMO/HMOPOS,Yes,Yes,14718,02,New York,Medicare,Yes,Yes
H5928,California Physicians' Service,Local CCP,HMO/HMOPOS,Yes,Yes,33463,09,San Francisco,Medicare,Yes,Yes
H5932,"GATEWAY HEALTH PLAN, INC.",Local CCP,HMO/HMOPOS,Yes,Yes,40628,03,Philadelphia,Medicare,Yes,Yes
H5937,UCARE MINNESOTA,Local CCP,HMO/HMOPOS,Yes,Yes,8838,05,Chicago,Medicare,Yes,Yes
H5938,CAPITAL HEALTH PLAN,Local CCP,HMO/HMOPOS,N/A,Yes,23746,04,Atlanta,Medicare,Yes,Yes
H5943,SCAN HEALTH PLAN,Local CCP,HMO/HMOPOS,Yes,Yes,854,09,San Francisco,Medicare,Yes,Yes
H5945,PROMINENCE HEALTHFIRST,Local CCP,HMO/HMOPOS,Yes,Yes,20490,09,San Francisco,Medicare,Yes,Yes
H5959,"BCBSM, Inc.",Local CCP,Local PPO,N/A,Yes,165422,05,Chicago,Medicare,Yes,Yes
H5965,WELLCARE HEALTH INSURANCE COMPANY OF WASHINGTON,Local CCP,Local PPO,Yes,Yes,1310,06,Dallas,Medicare,Yes,Yes
H5969,ALOHACARE,Local CCP,HMO/HMOPOS,Yes,Yes,2333,09,San Francisco,Medicare,Yes,Yes
H5970,HUMANA INSURANCE COMPANY OF NEW YORK,Local CCP,Local PPO,Yes,Yes,116627,07,Kansas City,Medicare,Yes,Yes
H5989,"HEALTHFIRST HEALTH PLAN, INC.",Local CCP,HMO/HMOPOS,No,Yes,24160,02,New York,Medicare,Yes,Yes
H5991,HEALTH INSURANCE PLAN OF GREATER NEW YORK,Local CCP,HMO/HMOPOS,Yes,Yes,945,02,New York,Medicare,Yes,Yes
H5995,ATRIO HEALTH PLANS,Local CCP,HMO/HMOPOS,Yes,Yes,2201,10,Seattle,Medicare,Yes,Yes
H6019,SAN MATEO HEALTH COMMISSION,Local CCP,HMO/HMOPOS,Yes,Yes,7805,09,San Francisco,Medicare,Yes,Yes
H6067,"CAREFIRST ADVANTAGE, INC.",Local CCP,HMO/HMOPOS,N/A,Yes,3396,03,Philadelphia,Medicare,Yes,Yes
H6078,"Group Retiree Health Solutions, Inc.",Local CCP,Local PPO,N/A,Yes,12281,05,Chicago,Medicare,Yes,Yes
H6154,MEDICA HEALTH PLANS,Local CCP,HMO/HMOPOS,No,Yes,1319,07,Kansas City,Medicare,Yes,Yes
H6158,"USABLE HMO, INC.",Local CCP,HMO/HMOPOS,N/A,Yes,11641,06,Dallas,Medicare,Yes,Yes
H6193,"WELLCARE HEALTH PLANS OF MASSACHUSETTS, INC.",Local CCP,HMO/HMOPOS,N/A,Yes,2339,06,Dallas,Medicare,Yes,Yes
H6200,"ESSENCE HEALTHCARE PPO, INC.",Local CCP,Local PPO,N/A,Yes,1271,07,Kansas City,Medicare,Yes,No
H6202,NEXTBLUE OF NORTH DAKOTA INSURANCE COMPANY,Local CCP,Local PPO,N/A,Yes,8981,05,Chicago,Medicare,Yes,Yes
H6237,REGENCE BLUECROSS BLUESHIELD OF OREGON,Local CCP,HMO/HMOPOS,N/A,Yes,8980,10,Seattle,Medicare,Yes,Yes
H6306,FIRSTCAROLINACARE INSURANCE COMPANY,Local CCP,HMO/HMOPOS,N/A,Yes,5046,05,Chicago,Medicare,Yes,Yes
H6322,"MCLAREN HEALTH PLAN, INC.",Local CCP,HMO/HMOPOS,Yes,Yes,1102,05,Chicago,Medicare,Yes,Yes
H6328,"CARE N' CARE INSURANCE COMPANY, INC.",Local CCP,Local PPO,N/A,Yes,8357,06,Dallas,Medicare,Yes,Yes
H6345,"PRUITTHEALTH PREMIER NORTH CAROLINA, LLC",Local CCP,HMO/HMOPOS,Yes,Yes,500,04,Atlanta,Medicare,Yes,No
H6348,COORDINATED CARE CORPORATION,Local CCP,Local PPO,Yes,Yes,1526,06,Dallas,Medicare,Yes,Yes
H6351,"LIBERTY ADVANTAGE, LLC",Local CCP,HMO/HMOPOS,Yes,Yes,883,04,Atlanta,Medicare,Yes,No
H6396,"CARESOURCE OHIO, INC.",Local CCP,HMO/HMOPOS,Yes,Yes,3138,02,New York,Medicare,Yes,Yes
H6399,AETNA BETTER HEALTH INC. (NJ),Local CCP,HMO/HMOPOS,Yes,Yes,4486,03,Philadelphia,Medicare,Yes,Yes
H6446,"SILVERSUMMIT HEALTHPLAN, INC.",Local CCP,HMO/HMOPOS,Yes,Yes,3227,06,Dallas,Medicare,Yes,Yes
H6453,"HMO LOUISIANA, INC.",Local CCP,HMO/HMOPOS,N/A,Yes,15186,08,Denver,Medicare,Yes,Yes
H6502,MISSOURI VALLEY LIFE AND HEALTH INSURANCE COMPANY,Local CCP,Local PPO,N/A,Yes,28011,07,Kansas City,Medicare,Yes,Yes
H6526,"UNITEDHEALTHCARE OF NEW MEXICO, INC.",Local CCP,HMO/HMOPOS,N/A,Yes,2280,09,San Francisco,Medicare,Yes,Yes
H6528,CARE IMPROVEMENT PLUS SOUTH CENTRAL INSURANCE CO.,Local CCP,Local PPO,Yes,Yes,92292,09,San Francisco,Medicare,No,Yes
H6529,"SOUTHEASTERN INDIANA HEALTH ORGANIZATION, INC.",Local CCP,HMO/HMOPOS,N/A,Yes,585,05,Chicago,Medicare,Yes,Yes
H6545,DEVOTED HEALTH INSURANCE COMPANY OF ILLINOIS INC,Local CCP,Local PPO,N/A,Yes,1070,02,New York,Medicare,Yes,No
H6550,"SUNFLOWER STATE HEALTH PLAN, INC.",Local CCP,HMO/HMOPOS,Yes,Yes,2332,06,Dallas,Medicare,Yes,Yes
H6586,"DEVOTED HEALTH INSURANCE COMPANY OF ARIZONA, INC.",Local CCP,Local PPO,N/A,Yes,630,02,New York,Medicare,Yes,No
H6594,"WELLCARE HEALTH PLANS OF VERMONT, INC.",Local CCP,Local PPO,N/A,Yes,3121,06,Dallas,Medicare,Yes,Yes
H6595,"UNITEDHEALTHCARE OF WISCONSIN, INC.",Local CCP,HMO/HMOPOS,Yes,Yes,22501,09,San Francisco,Medicare,Yes,Yes
H6605,"WELLCARE HEALTH INSURANCE OF HAWAII, INC.",Local CCP,Local PPO,N/A,Yes,1930,06,Dallas,Medicare,Yes,Yes
H6622,HUMANA WI HEALTH ORGANIZATION INSURANCE CORP,Local CCP,HMO/HMOPOS,Yes,Yes,417236,07,Kansas City,Medicare,Yes,Yes
H6678,CENTENE VENTURE INSURANCE COMPANY TEXAS,Local CCP,HMO/HMOPOS,No,Yes,2165,06,Dallas,Medicare,Yes,Yes
H6713,"WELLCARE OF ILLINOIS, INC.",Local CCP,Local PPO,N/A,Yes,14709,06,Dallas,Medicare,Yes,Yes
H6723,MEDICAL MUTUAL OF OHIO,Local CCP,HMO/HMOPOS,N/A,Yes,30481,05,Chicago,Medicare,Yes,Yes
H6743,ATRIO HEALTH PLANS,Local CCP,Local PPO,N/A,Yes,18416,10,Seattle,Medicare,Yes,Yes
H6750,"HARVARD PILGRIM HEALTH CARE OF NEW ENGLAND, INC.",Local CCP,HMO/HMOPOS,N/A,Yes,9864,01,Boston,Medicare,Yes,Yes
H6765,AMERICAN HEALTH PLAN OF IOWA INC,Local CCP,HMO/HMOPOS,Yes,Yes,689,06,Dallas,Medicare,Yes,No
H6813,DEVOTED HEALTH INSURANCE COMPANY OF TEXAS INC,Local CCP,Local PPO,N/A,Yes,688,02,New York,Medicare,Yes,No
H6815,"HEALTH NET HEALTH PLAN OF OREGON, INC.",Local CCP,HMO/HMOPOS,No,Yes,18302,06,Dallas,Medicare,Yes,Yes
H6830,CENTENE VENTURE COMPANY KANSAS,Local CCP,Local PPO,N/A,Yes,484,06,Dallas,Medicare,Yes,Yes
H6832,"ALIGN SENIOR CARE MI, LLC",Local CCP,HMO/HMOPOS,Yes,Yes,541,03,Philadelphia,Medicare,Yes,No
H6851,"BOSTON MEDICAL CENTER HEALTH PLAN, INC.",Local CCP,HMO/HMOPOS,N/A,Yes,859,01,Boston,Medicare,Yes,Yes
H6874,"ASPIRUS HEALTH PLAN, INC.",Local CCP,Local PPO,N/A,Yes,1212,05,Chicago,Medicare,Yes,Yes
H6891,"AMERICAN HEALTH PLAN OF TX, INC.",Local CCP,HMO/HMOPOS,Yes,Yes,533,06,Dallas,Medicare,Yes,No
H6898,"VERMONT BLUE ADVANTAGE, INC.",Local CCP,Local PPO,N/A,Yes,11642,05,Chicago,Medicare,Yes,Yes
H6910,"MOUNT CARMEL HEALTH PLAN OF IDAHO, INC.",Local CCP,HMO/HMOPOS,N/A,Yes,1864,05,Chicago,Medicare,Yes,Yes
H6936,"BLUE CROSS & BLUE SHIELD OF ARIZONA, INC.",Local CCP,HMO/HMOPOS,No,Yes,3378,09,San Francisco,Medicare,No,Yes
H6959,"ISNP VENTURES, LLC",Local CCP,HMO/HMOPOS,Yes,Yes,484,03,Philadelphia,Medicare,Yes,No
H6975,"WELLCARE OF ALABAMA, INC.",Local CCP,HMO/HMOPOS,Yes,Yes,1663,06,Dallas,Medicare,Yes,Yes
H6988,"CENTERS PLAN FOR HEALTHY LIVING, LLC",Local CCP,HMO/HMOPOS,Yes,Yes,2659,02,New York,Medicare,Yes,Yes
H7006,ATRIO HEALTH PLANS,Local CCP,Local PPO,No,Yes,4325,10,Seattle,Medicare,Yes,Yes
H7020,"CIGNA HEALTHCARE OF SOUTH CAROLINA, INC.",Local CCP,HMO/HMOPOS,No,Yes,5067,02,New York,Medicare,Yes,Yes
H7028,DEVOTED HEALTH INSURANCE COMPANY OF SOUTH CAROLINA,Local CCP,Local PPO,N/A,Yes,1476,02,New York,Medicare,Yes,No
H7063,"BLUECROSS BLUESHIELD KANSAS SOLUTIONS, INC.",Local CCP,Local PPO,N/A,Yes,3865,07,Kansas City,Medicare,Yes,Yes
H7093,COMMUNITY INSURANCE COMPANY,Local CCP,Local PPO,No,Yes,13114,05,Chicago,Medicare,Yes,Yes
H7115,MEMORIAL HERMANN HEALTH PLAN,Local CCP,HMO/HMOPOS,Yes,Yes,6545,08,Denver,Medicare,Yes,Yes
H7123,"UPMC HEALTH COVERAGE, INC.",Local CCP,HMO/HMOPOS,Yes,Yes,816,03,Philadelphia,Medicare,Yes,Yes
H7147,DEVOTED HEALTH PLAN OF COLORADO INC,Local CCP,HMO/HMOPOS,Yes,Yes,2452,02,New York,Medicare,Yes,No
H7149,AETNA HEALTH INC. (PA),Local CCP,HMO/HMOPOS,Yes,Yes,10976,03,Philadelphia,Medicare,Yes,Yes
H7151,"DEVOTED HEALTH PLAN OF ILLINOIS, INC.",Local CCP,HMO/HMOPOS,No,Yes,7070,02,New York,Medicare,Yes,Yes
H7169,"BUCKEYE HEALTH PLAN COMMUNITY SOLUTIONS, INC.",Local CCP,Local PPO,Yes,Yes,2042,06,Dallas,Medicare,Yes,Yes
H7175,"WELLCARE HEALTH INSURANCE OF NORTH CAROLINA, INC.",Local CCP,Local PPO,Yes,Yes,8748,06,Dallas,Medicare,Yes,Yes
H7199,DEVOTED HEALTH  PLAN OF OREGON,Local CCP,Local PPO,N/A,Yes,1230,02,New York,Medicare,Yes,No
H7220,"INDIANA UNIVERSITY HEALTH PLANS NFP, INC.",Local CCP,HMO/HMOPOS,No,Yes,19065,05,Chicago,Medicare,Yes,Yes
H7245,PREMERA BLUE CROSS,Local CCP,HMO/HMOPOS,N/A,Yes,24994,10,Seattle,Medicare,Yes,Yes
H7284,"HUMANA HEALTH INSURANCE COMPANY OF FLORIDA, INC.",Local CCP,Local PPO,Yes,Yes,38813,07,Kansas City,Medicare,Yes,Yes
H7301,"COVENTRY HEALTH CARE OF ILLINOIS, INC.",Local CCP,Local PPO,N/A,Yes,56091,03,Philadelphia,Medicare,Yes,Yes
H7323,WELLCARE NATIONAL HEALTH INSURANCE COMPANY,Local CCP,Local PPO,Yes,Yes,4691,06,Dallas,Medicare,Yes,Yes
H7326,"WELLCARE OF SOUTH CAROLINA, INC.",Local CCP,Local PPO,Yes,Yes,19058,06,Dallas,Medicare,Yes,Yes
H7330,"ZING HEALTH, INC.",Local CCP,HMO/HMOPOS,Yes,Yes,2314,05,Chicago,Medicare,Yes,Yes
H7360,"HEALTH NET OF CALIFORNIA, INC.",Local CCP,Local PPO,N/A,Yes,1133,06,Dallas,Medicare,Yes,Yes
H7379,"CAREFIRST ADVANTAGE PPO, INC.",Local CCP,Local PPO,N/A,Yes,5423,03,Philadelphia,Medicare,Yes,Yes
H7389,CIGNA HEALTH AND LIFE INSURANCE COMPANY,Local CCP,HMO/HMOPOS,N/A,Yes,2149,02,New York,Medicare,Yes,Yes
H7399,CENTENE VENTURE COMPANY ILLINOIS,Local CCP,HMO/HMOPOS,N/A,Yes,1591,06,Dallas,Medicare,Yes,Yes
H7404,CARE IMPROVEMENT PLUS SOUTH CENTRAL INSURANCE CO.,Local CCP,Local PPO,No,Yes,76214,09,San Francisco,Medicare,Yes,Yes
H7445,"UNITEDHEALTHCARE OF WISCONSIN, INC.",Local CCP,HMO/HMOPOS,No,Yes,3641,09,San Francisco,Medicare,No,Yes
H7464,"UNITEDHEALTHCARE OF THE MID-ATLANTIC, INC.",Local CCP,HMO/HMOPOS,Yes,Yes,61751,09,San Francisco,Medicare,Yes,Yes
H7511,"GOOD SAMARITAN INSURANCE PLAN OF NEBRASKA, INC.",Local CCP,HMO/HMOPOS,Yes,Yes,406,06,Dallas,Medicare,Yes,No
H7512,CENTENE VENTURE COMPANY MICHIGAN,Local CCP,Local PPO,N/A,Yes,1269,06,Dallas,Medicare,Yes,Yes
H7518,"WELLCARE OF MISSOURI HEALTH INSURANCE COMPANY, INC",Local CCP,Local PPO,Yes,Yes,2893,06,Dallas,Medicare,Yes,Yes
H7522,"MMM HEALTHCARE, LLC",Local CCP,Local PPO,No,Yes,459,05,Chicago,Medicare,Yes,Yes
H7557,"LONGEVITY HEALTH PLAN OF MICHIGAN, INC.",Local CCP,HMO/HMOPOS,Yes,Yes,772,02,New York,Medicare,Yes,No
H7559,"Molina Healthcare of Virginia, LLC",Local CCP,HMO/HMOPOS,Yes,Yes,1466,02,New York,Medicare,Yes,Yes
H7605,DEVOTED HEALTH PLAN OF TENNESSEE INC,Local CCP,HMO/HMOPOS,Yes,Yes,1187,02,New York,Medicare,Yes,No
H7607,"CLEVER CARE OF GOLDEN STATE, INC.",Local CCP,HMO/HMOPOS,Yes,Yes,14095,09,San Francisco,Medicare,Yes,Yes
H7617,EMPHESYS INSURANCE COMPANY,Local CCP,Local PPO,N/A,Yes,8927,07,Kansas City,Medicare,Yes,Yes
H7621,"HUMANA HEALTH PLAN OF CALIFORNIA, INC.",Local CCP,HMO/HMOPOS,No,Yes,7790,07,Kansas City,Medicare,Yes,Yes
H7646,PHP MEDICARE,Local CCP,HMO/HMOPOS,N/A,Yes,8257,05,Chicago,Medicare,Yes,Yes
H7670,"CENTRAL MASS HEALTH, LLC",Local CCP,HMO/HMOPOS,No,Yes,963,02,New York,Medicare,Yes,Yes
H7678,"MOLINA HEALTHCARE OF TEXAS, INC.",Local CCP,HMO/HMOPOS,Yes,Yes,7842,02,New York,Medicare,Yes,Yes
H7680,PROMINENCE HEALTHFIRST OF TEXAS,Local CCP,HMO/HMOPOS,Yes,Yes,6102,09,San Francisco,Medicare,Yes,Yes
H7728,"ANTHEM HEALTH PLANS OF NEW HAMPSHIRE, INC.",Local CCP,Local PPO,Yes,Yes,21475,05,Chicago,Medicare,No,Yes
H7779,"AMERICAN HEALTH PLAN, INC.",Local CCP,HMO/HMOPOS,Yes,Yes,783,06,Dallas,Medicare,Yes,No
H7787,"HEALTHSPRING LIFE & HEALTH INSURANCE COMPANY, INC.",Local CCP,Local PPO,N/A,Yes,19353,02,New York,Medicare,Yes,Yes
H7849,CIGNA HEALTH AND LIFE INSURANCE COMPANY,Local CCP,Local PPO,No,Yes,82480,02,New York,Medicare,Yes,Yes
H7917,"BLUECROSS BLUESHIELD OF TENNESSEE, INC.",Local CCP,Local PPO,No,Yes,146328,04,Atlanta,Medicare,Yes,Yes
H7925,"CENTENE VENTURE COMPANY INDIANA, INC.",Local CCP,HMO/HMOPOS,Yes,Yes,1227,06,Dallas,Medicare,Yes,Yes
H7993,"DEVOTED HEALTH PLAN OF TEXAS, INC.",Local CCP,HMO/HMOPOS,Yes,Yes,37573,02,New York,Medicare,Yes,Yes
H8003,BLUECROSS AND BLUESHIELD OF SOUTH CAROLINA,Local CCP,Local PPO,N/A,Yes,21414,04,Atlanta,Medicare,Yes,Yes
H8010,CLOVER HMO OF NEW JERSEY INC.,Local CCP,HMO/HMOPOS,No,Yes,3638,01,Boston,Medicare,Yes,Yes
H8019,MEDICA CENTRAL HEALTH PLAN,Local CCP,HMO/HMOPOS,N/A,Yes,681,07,Kansas City,Medicare,Yes,Yes
H8070,UCARE MINNESOTA,Local CCP,Local PPO,N/A,Yes,1949,05,Chicago,Medicare,Yes,No
H8087,HUMANADENTAL INSURANCE COMPANY,Local CCP,Local PPO,Yes,Yes,66765,07,Kansas City,Medicare,No,Yes
H8093,"GEORGIA ASSURANCE, INC.",Local CCP,HMO/HMOPOS,Yes,Yes,1378,06,Dallas,Medicare,Yes,No
H8095,"WELLMARK ADVANTAGE HEALTH PLAN, INC.",Local CCP,HMO/HMOPOS,N/A,Yes,486,05,Chicago,Medicare,Yes,Yes
H8121,CENTENE VENTURE COMPANY TENNESSEE,Local CCP,Local PPO,N/A,Yes,521,06,Dallas,Medicare,Yes,Yes
H8130,"MOLINA HEALTHCARE OF FLORIDA, INC.",Local CCP,HMO/HMOPOS,Yes,Yes,1310,02,New York,Medicare,No,Yes
H8133,GHS INSURANCE COMPANY,Local CCP,HMO/HMOPOS,No,Yes,4261,08,Denver,Medicare,Yes,Yes
H8142,SCOTT AND WHITE HEALTH PLAN,Local CCP,HMO/HMOPOS,No,Yes,26554,08,Denver,Medicare,Yes,Yes
H8145,HUMANA INSURANCE COMPANY,PFFS,PFFS,N/A,Yes,21755,07,Kansas City,Medicare,Yes,Yes
H8166,"HIGHMARK BCBSD, INC.",Local CCP,Local PPO,N/A,Yes,6472,03,Philadelphia,Medicare,Yes,Yes
H8173,"DEVOTED HEALTH PLAN OF ARIZONA, INC.",Local CCP,HMO/HMOPOS,Yes,Yes,13375,02,New York,Medicare,Yes,Yes
H8176,"MOLINA HEALTHCARE OF SOUTH CAROLINA,INC",Local CCP,HMO/HMOPOS,Yes,Yes,2259,02,New York,Medicare,Yes,Yes
H8181,"SAPPHIRE EDGE, INC.",Local CCP,Local PPO,N/A,Yes,6490,07,Kansas City,Medicare,Yes,Yes
H8189,MANAGED HEALTH SERVICES INSURANCE CORP.,Local CCP,HMO/HMOPOS,Yes,Yes,2940,06,Dallas,Medicare,Yes,Yes
H8211,CARE IMPROVEMENT PLUS SOUTH CENTRAL INSURANCE CO.,Local CCP,Local PPO,N/A,Yes,17998,09,San Francisco,Medicare,Yes,Yes
H8225,CENTENE VENTURE COMPANY FLORIDA,Local CCP,HMO/HMOPOS,Yes,Yes,1877,06,Dallas,Medicare,Yes,Yes
H8298,"HORIZON HEALTHCARE OF NEW JERSEY, INC.",Local CCP,HMO/HMOPOS,Yes,Yes,20079,02,New York,Medicare,Yes,Yes
H8330,TUFTS ASSOCIATED HEALTH MAINTENANCE ORGANIZATION,Local CCP,HMO/HMOPOS,Yes,Yes,8936,01,Boston,Medicare,Yes,Yes
H8332,"AETNA BETTER HEALTH OF KANSAS, INC.",Local CCP,HMO/HMOPOS,N/A,Yes,12659,03,Philadelphia,Medicare,Yes,Yes
H8343,WELLPOINT INSURANCE COMPANY,Local CCP,Local PPO,No,Yes,4203,05,Chicago,Medicare,No,Yes
H8379,"PRIORITY HEALTH CHOICE, INC.",Local CCP,HMO/HMOPOS,Yes,Yes,10763,05,Chicago,Medicare,Yes,Yes
H8385,SANFORD HEALTH PLAN,Local CCP,Local PPO,N/A,Yes,2265,06,Dallas,Medicare,Yes,Yes
H8432,"EMPIRE HEALTHCHOICE HMO, INC.",Local CCP,HMO/HMOPOS,Yes,Yes,35889,05,Chicago,Medicare,Yes,Yes
H8457,"LONGEVITY HEALTH PLAN OF NEW YORK, INC.",Local CCP,HMO/HMOPOS,Yes,Yes,730,02,New York,Medicare,Yes,No
H8458,"SILVERSUMMIT HEALTHPLAN, INC.",Local CCP,Local PPO,N/A,Yes,537,06,Dallas,Medicare,Yes,Yes
H8547,ILLINOIS BLUE CROSS BLUE SHIELD INSURANCE COMPANY,Local CCP,HMO/HMOPOS,N/A,Yes,886,08,Denver,Medicare,Yes,Yes
H8552,ANTHEM BLUE CROSS LIFE AND HEALTH INS COMPANY,Local CCP,Local PPO,Yes,Yes,22261,05,Chicago,Medicare,Yes,Yes
H8553,"WELLCARE HEALTH INSURANCE OF THE SOUTHWEST, INC.",Local CCP,Local PPO,No,Yes,1623,06,Dallas,Medicare,Yes,Yes
H8554,GHS INSURANCE COMPANY,Local CCP,HMO/HMOPOS,Yes,Yes,927,08,Denver,Medicare,Yes,Yes
H8578,"HEALTH NEW ENGLAND, INC.",Local CCP,HMO/HMOPOS,N/A,Yes,8935,02,New York,Medicare,Yes,Yes
H8597,AETNA BETTER HEALTH OF TEXAS INC.,Local CCP,HMO/HMOPOS,Yes,Yes,12597,03,Philadelphia,Medicare,Yes,Yes
H8604,THP INSURANCE COMPANY,Local CCP,Local PPO,N/A,Yes,633,03,Philadelphia,Medicare,Yes,Yes
H8634,HEALTH CARE SERVICE CORPORATION,Local CCP,Local PPO,Yes,Yes,33213,08,Denver,Medicare,Yes,Yes
H8649,AETNA HEALTH OF UTAH INC,Local CCP,HMO/HMOPOS,Yes,Yes,6681,03,Philadelphia,Medicare,Yes,Yes
H8748,CARE IMPROVEMENT PLUS SOUTH CENTRAL INSURANCE CO.,Local CCP,HMO/HMOPOS,No,Yes,35428,09,San Francisco,Medicare,No,Yes
H8764,ASPIRE HEALTH PLAN,Local CCP,HMO/HMOPOS,N/A,Yes,6630,09,San Francisco,Medicare,Yes,Yes
H8768,CARE IMPROVEMENT PLUS SOUTH CENTRAL INSURANCE CO.,Local CCP,Local PPO,N/A,Yes,390167,09,San Francisco,Medicare,Yes,Yes
H8783,"UCARE HEALTH, INC.",Local CCP,Local PPO,N/A,Yes,2220,05,Chicago,Medicare,Yes,Yes
H8797,"PERENNIAL ADVANTAGE OF OHIO, INC.",Local CCP,HMO/HMOPOS,Yes,Yes,491,05,Chicago,Medicare,Yes,No
H8849,WELLPOINT INSURANCE COMPANY,Local CCP,HMO/HMOPOS,Yes,Yes,73470,05,Chicago,Medicare,Yes,Yes
H8854,"CAREFIRST ADVANTAGE DSNP, INC.",Local CCP,HMO/HMOPOS,Yes,Yes,5760,03,Philadelphia,Medicare,Yes,Yes
H8889,MEDICA HEALTH PLANS,Local CCP,Local PPO,N/A,Yes,30901,07,Kansas City,Medicare,Yes,Yes
H8894,Inland Empire Health Plan,Local CCP,HMO/HMOPOS,Yes,Yes,34396,09,San Francisco,Medicare,Yes,No
H8908,"HUMANA MEDICAL PLAN OF MICHIGAN, INC.",Local CCP,HMO/HMOPOS,Yes,Yes,40433,07,Kansas City,Medicare,Yes,Yes
H8928,FALLON COMMUNITY HEALTH PLAN,Local CCP,HMO/HMOPOS,Yes,Yes,9510,01,Boston,Medicare,Yes,Yes
H8961,"OSCAR MANAGED CARE OF SOUTH FLORIDA, INC",Local CCP,HMO/HMOPOS,N/A,Yes,1797,02,New York,Medicare,No,Yes
H9001,FALLON COMMUNITY HEALTH PLAN,Local CCP,HMO/HMOPOS,No,Yes,12057,01,Boston,Medicare,Yes,Yes
H9003,KAISER FOUNDATION HP OF THE N W,Local CCP,HMO/HMOPOS,N/A,Yes,103587,09,San Francisco,Medicare,Yes,Yes
H9042,"SOUTHEASTERN INDIANA HEALTH ORGANIZATION, INC.",Local CCP,Local PPO,N/A,Yes,699,05,Chicago,Medicare,Yes,Yes
H9047,PROVIDENCE HEALTH ASSURANCE,Local CCP,HMO/HMOPOS,Yes,Yes,63024,10,Seattle,Medicare,Yes,Yes
H9065,"AMH HEALTH, LLC",Local CCP,HMO/HMOPOS,Yes,Yes,16919,05,Chicago,Medicare,Yes,Yes
H9070,COMPBENEFITS INSURANCE COMPANY,Local CCP,Local PPO,No,Yes,21815,07,Kansas City,Medicare,No,Yes
H9082,"MOLINA HEALTHCARE OF NEW MEXICO, INC.",Local CCP,HMO/HMOPOS,No,Yes,4193,02,New York,Medicare,No,Yes
H9096,"DEAN HEALTH PLAN, INC.",Local CCP,HMO/HMOPOS,N/A,Yes,10883,07,Kansas City,Medicare,Yes,Yes
H9147,BLUE CROSS AND BLUE SHIELD OF NC SENIOR HEALTH,Local CCP,HMO/HMOPOS,Yes,Yes,1665,04,Atlanta,Medicare,Yes,Yes
H9153,"WEST VIRGINIA SENIOR ADVANTAGE, INC.",Local CCP,HMO/HMOPOS,Yes,Yes,1016,05,Chicago,Medicare,Yes,No
H9191,"PROVIDER PARTNERS HEALTH PLAN OF MISSOURI, INC.",Local CCP,HMO/HMOPOS,Yes,Yes,1453,03,Philadelphia,Medicare,Yes,No
H9207,"HEALTH PARTNERS PLANS, INC.",Local CCP,HMO/HMOPOS,Yes,Yes,12953,03,Philadelphia,Medicare,Yes,Yes
H9219,"AMH HEALTH PLANS OF MAINE, INC.",Local CCP,Local PPO,No,Yes,901,05,Chicago,Medicare,Yes,Yes
H9302,PREMERA BLUE CROSS,Local CCP,HMO/HMOPOS,N/A,Yes,8840,10,Seattle,Medicare,No,Yes
H9306,"ALTERWOOD ADVANTAGE, INC.",Local CCP,HMO/HMOPOS,Yes,Yes,6127,03,Philadelphia,Medicare,Yes,Yes
H9335,"WELLCARE HEALTH PLANS OF MISSOURI, INC.",Local CCP,HMO/HMOPOS,Yes,Yes,850,06,Dallas,Medicare,Yes,Yes
H9357,CENTENE VENTURE INSURANCE COMPANY TEXAS,Local CCP,Local PPO,N/A,Yes,1262,06,Dallas,Medicare,Yes,Yes
H9364,"WELLCARE OF MAINE, INC.",Local CCP,HMO/HMOPOS,Yes,Yes,7690,06,Dallas,Medicare,Yes,Yes
H9387,"SUNFLOWER STATE HEALTH PLAN, INC.",Local CCP,Local PPO,Yes,Yes,1131,06,Dallas,Medicare,Yes,Yes
H9414,"Commonwealth Care Alliance Massachusetts, LLC.",Local CCP,Local PPO,N/A,Yes,2910,01,Boston,Medicare,Yes,Yes
H9428,"WELLCARE HEALTH INSURANCE OF TENNESSEE, INC.",Local CCP,Local PPO,No,Yes,1230,06,Dallas,Medicare,Yes,Yes
H9431,FIRST HEALTH LIFE & HEALTH INSURANCE COMPANY,Local CCP,Local PPO,N/A,Yes,9669,03,Philadelphia,Medicare,Yes,Yes
H9455,"HEALTH CHOICE UTAH, INC.",Local CCP,HMO/HMOPOS,Yes,Yes,422,06,Dallas,Medicare,No,Yes
H9460,"CIGNA HEALTHCARE OF ST LOUIS, INC.",Local CCP,HMO/HMOPOS,No,Yes,1098,02,New York,Medicare,Yes,Yes
H9469,WELLPOINT LIFE AND HEALTH INSURANCE COMPANY,Local CCP,Local PPO,N/A,Yes,632,05,Chicago,Medicare,Yes,No
H9485,"Mass General Brigham Health Plan, Inc.",Local CCP,Local PPO,N/A,Yes,897,01,Boston,Medicare,Yes,No
H9489,"VERMONT BLUE ADVANTAGE, INC.",Local CCP,HMO/HMOPOS,N/A,Yes,516,05,Chicago,Medicare,Yes,Yes
H9525,COMPCARE HEALTH SERVICES INSURANCE CORPORATION,Local CCP,HMO/HMOPOS,Yes,Yes,120915,05,Chicago,Medicare,Yes,Yes
H9572,BCBS OF MICHIGAN MUTUAL INSURANCE COMPANY,Local CCP,Local PPO,No,Yes,534004,05,Chicago,Medicare,Yes,Yes
H9585,"BOSTON MEDICAL CENTER HEALTH PLAN, INC.",Local CCP,HMO/HMOPOS,Yes,Yes,1767,01,Boston,Medicare,Yes,Yes
H9590,"LONGEVITY HEALTH PLAN OF ILLINOIS, INC.",Local CCP,HMO/HMOPOS,Yes,Yes,756,02,New York,Medicare,Yes,No
H9615,"MVP HEALTH PLAN, INC.",Local CCP,Local PPO,N/A,Yes,34181,02,New York,Medicare,Yes,Yes
H9630,"ARKANSAS HEALTH AND WELLNESS HEALTH PLAN, INC",Local CCP,HMO/HMOPOS,Yes,Yes,17443,06,Dallas,Medicare,Yes,Yes
H9678,"HEALTHFIRST INSURANCE COMPANY, INC.",Local CCP,Local PPO,N/A,Yes,640,02,New York,Medicare,Yes,No
H9686,"ALIGNMENT HEALTH PLAN OF NEVADA, INC.",Local CCP,HMO/HMOPOS,Yes,Yes,2525,09,San Francisco,Medicare,Yes,Yes
H9699,"HMO PARTNERS, INC.",Local CCP,HMO/HMOPOS,N/A,Yes,1809,06,Dallas,Medicare,Yes,Yes
H9706,HCSC INSURANCE SERVICES COMPANY,Local CCP,HMO/HMOPOS,Yes,Yes,3096,08,Denver,Medicare,Yes,Yes
H9725,"CIGNA HEALTHCARE OF NORTH CAROLINA, INC.",Local CCP,HMO/HMOPOS,Yes,Yes,16463,02,New York,Medicare,Yes,Yes
H9730,"WELLCARE HEALTH INSURANCE COMPANY OF KENTUCKY, INC",Local CCP,HMO/HMOPOS,Yes,Yes,42938,06,Dallas,Medicare,Yes,Yes
H9761,"WELLCARE HEALTH PLANS OF MASSACHUSETTS, INC.",Local CCP,Local PPO,N/A,Yes,6625,06,Dallas,Medicare,Yes,Yes
H9763,"OCHSNER HEALTH PLAN, INC.",Local CCP,HMO/HMOPOS,N/A,Yes,2910,08,Denver,Medicare,Yes,Yes
H9808,CARE N' CARE INSURANCE COMPANY OF NORTH CAROLINA,Local CCP,Local PPO,No,Yes,15051,04,Atlanta,Medicare,Yes,Yes
H9811,"MAGNOLIA HEALTH PLAN, INC.",Local CCP,HMO/HMOPOS,Yes,Yes,558,06,Dallas,Medicare,Yes,Yes
H9834,QUARTZ HEALTH PLAN MN CORPORATION,Local CCP,HMO/HMOPOS,N/A,Yes,3677,05,Chicago,Medicare,Yes,Yes
H9861,"CCA HEALTH MICHIGAN, INC.",Local CCP,HMO/HMOPOS,Yes,Yes,881,01,Boston,Medicare,Yes,Yes
H9877,"VIRGINIA PREMIER HEALTH PLAN, INC.",Local CCP,HMO/HMOPOS,Yes,Yes,5744,03,Philadelphia,Medicare,No,Yes
H9884,DEVOTED HEALTH INSURANCE COMPANY,Local CCP,Local PPO,N/A,Yes,2969,02,New York,Medicare,Yes,Yes
H9900,"WELLCARE OF OKLAHOMA, INC.",Local CCP,HMO/HMOPOS,Yes,Yes,2202,06,Dallas,Medicare,Yes,Yes
H9904,"CENTRAL MASS HEALTH, LLC",Local CCP,Local PPO,N/A,Yes,982,02,New York,Medicare,Yes,Yes
H9907,TUFTS ASSOCIATED HEALTH MAINTENANCE ORGANIZATION,Local CCP,Local PPO,N/A,Yes,2366,01,Boston,Medicare,Yes,No
H9909,"AMERICAN HEALTH PLAN OF MS, INC.",Local CCP,HMO/HMOPOS,Yes,Yes,564,06,Dallas,Medicare,Yes,No
H9942,LONGEVITY HEALTH PLAN OF NEW JERSEY INSURANCE COMP,Local CCP,Local PPO,Yes,Yes,1220,02,New York,Medicare,Yes,No
H9952,MEDICA HEALTH PLANS,Local CCP,HMO/HMOPOS,Yes,Yes,1863,07,Kansas City,Medicare,Yes,Yes
H9955,"MOLINA HEALTHCARE OF OHIO, INC.",Local CCP,HMO/HMOPOS,Yes,Yes,2824,02,New York,Medicare,Yes,Yes
H9976,"WESTERN SKY COMMUNITY CARE, INC.",Local CCP,Local PPO,N/A,Yes,1459,06,Dallas,Medicare,Yes,Yes
H9986,"HPMP OF FLORIDA, INC.",Local CCP,HMO/HMOPOS,Yes,Yes,1000,04,Atlanta,Medicare,Yes,No
R0110,HUMANA INSURANCE COMPANY,Regional CCP,Regional PPO,N/A,Yes,11739,07,Kansas City,Medicare,Yes,Yes
R0759,CARE IMPROVEMENT PLUS SOUTH CENTRAL INSURANCE CO.,Regional CCP,Regional PPO,Yes,Yes,41495,09,San Francisco,Medicare,Yes,Yes
R0865,HUMANA INSURANCE COMPANY,Regional CCP,Regional PPO,No,Yes,8834,07,Kansas City,Medicare,Yes,Yes
R0923,HUMANA INSURANCE COMPANY,Regional CCP,Regional PPO,No,Yes,2782,07,Kansas City,Medicare,Yes,Yes
R1390,HUMANA INSURANCE COMPANY,Regional CCP,Regional PPO,N/A,Yes,26403,07,Kansas City,Medicare,Yes,Yes
R1532,HUMANA INSURANCE COMPANY,Regional CCP,Regional PPO,No,Yes,4172,07,Kansas City,Medicare,Yes,Yes
R2604,CARE IMPROVEMENT PLUS SOUTH CENTRAL INSURANCE CO.,Regional CCP,Regional PPO,Yes,Yes,61116,09,San Francisco,Medicare,Yes,Yes
R3175,UNITEDHEALTHCARE INSURANCE COMPANY,Regional CCP,Regional PPO,Yes,Yes,446,09,San Francisco,Medicare,Yes,Yes
R3332,"BLUE CROSS AND BLUE SHIELD OF FLORIDA, INC.",Regional CCP,Regional PPO,N/A,Yes,24224,04,Atlanta,Medicare,Yes,Yes
R3392,HUMANA INSURANCE COMPANY,Regional CCP,Regional PPO,No,Yes,9583,07,Kansas City,Medicare,Yes,Yes
R3444,CARE IMPROVEMENT PLUS SOUTH CENTRAL INSURANCE CO.,Regional CCP,Regional PPO,Yes,Yes,14246,09,San Francisco,Medicare,Yes,Yes
R3887,HUMANA INSURANCE COMPANY,Regional CCP,Regional PPO,N/A,Yes,3915,07,Kansas City,Medicare,Yes,Yes
R4182,HUMANA INSURANCE COMPANY,Regional CCP,Regional PPO,No,Yes,19738,07,Kansas City,Medicare,Yes,Yes
R4487,"ANTHEM INSURANCE COMPANIES, INC.",Regional CCP,Regional PPO,N/A,Yes,11974,05,Chicago,Medicare,Yes,Yes
R4845,HUMANA INSURANCE COMPANY,Regional CCP,Regional PPO,N/A,Yes,5975,07,Kansas City,Medicare,Yes,Yes
R5329,CARE IMPROVEMENT PLUS SOUTH CENTRAL INSURANCE CO.,Regional CCP,Regional PPO,N/A,Yes,816,09,San Francisco,Medicare,Yes,Yes
R5342,CARE IMPROVEMENT PLUS SOUTH CENTRAL INSURANCE CO.,Regional CCP,Regional PPO,No,Yes,89373,09,San Francisco,Medicare,Yes,Yes
R5361,HUMANA INSURANCE COMPANY,Regional CCP,Regional PPO,N/A,Yes,8880,07,Kansas City,Medicare,Yes,Yes
R5495,HUMANA INSURANCE COMPANY,Regional CCP,Regional PPO,No,Yes,2478,07,Kansas City,Medicare,Yes,Yes
R5826,HUMANA INSURANCE COMPANY,Regional CCP,Regional PPO,No,Yes,8913,07,Kansas City,Medicare,Yes,Yes
R5941,"ANTHEM INSURANCE COMPANIES, INC.",Regional CCP,Regional PPO,N/A,Yes,10458,05,Chicago,Medicare,Yes,Yes
R6694,AETNA LIFE INSURANCE COMPANY,Regional CCP,Regional PPO,N/A,Yes,1639,03,Philadelphia,Medicare,Yes,Yes
R6801,CARE IMPROVEMENT PLUS SOUTH CENTRAL INSURANCE CO.,Regional CCP,Regional PPO,Yes,Yes,74687,09,San Francisco,Medicare,Yes,Yes
R7220,HUMANA INSURANCE COMPANY,Regional CCP,Regional PPO,N/A,Yes,2682,07,Kansas City,Medicare,Yes,Yes
R7315,HUMANA INSURANCE COMPANY,Regional CCP,Regional PPO,No,Yes,4381,07,Kansas City,Medicare,Yes,Yes
R7444,CARE IMPROVEMENT PLUS SOUTH CENTRAL INSURANCE CO.,Regional CCP,Regional PPO,No,Yes,13699,09,San Francisco,Medicare,Yes,Yes